-- phpMyAdmin SQL Dump
-- version 5.2.1
-- https://www.phpmyadmin.net/
--
-- Host: 127.0.0.1
-- Generation Time: Jan 09, 2026 at 05:29 PM
-- Server version: 10.4.32-MariaDB
-- PHP Version: 8.2.12
SET
  SQL_MODE = "NO_AUTO_VALUE_ON_ZERO";

START TRANSACTION;

SET
  time_zone = "+00:00";

/*!40101 SET @OLD_CHARACTER_SET_CLIENT = @@CHARACTER_SET_CLIENT */;

/*!40101 SET @OLD_CHARACTER_SET_RESULTS = @@CHARACTER_SET_RESULTS */;

/*!40101 SET @OLD_COLLATION_CONNECTION = @@COLLATION_CONNECTION */;

/*!40101 SET NAMES utf8mb4 */;

--
-- Database: `tcneo`
--
-- --------------------------------------------------------
--
-- Table structure for table `tcneo_absences`
--
DROP TABLE IF EXISTS `tcneo_absences`;

CREATE TABLE IF NOT EXISTS `tcneo_absences` (
  `id` int(11) NOT NULL AUTO_INCREMENT,
  `name` varchar(80) CHARACTER
  SET
    utf8 COLLATE utf8_general_ci NOT NULL,
    `symbol` char(1) CHARACTER
  SET
    utf8 COLLATE utf8_general_ci NOT NULL DEFAULT 'A',
    `icon` varchar(40) CHARACTER
  SET
    utf8 COLLATE utf8_general_ci NOT NULL,
    `color` varchar(6) CHARACTER
  SET
    utf8 COLLATE utf8_general_ci NOT NULL,
    `bgcolor` varchar(6) CHARACTER
  SET
    utf8 COLLATE utf8_general_ci NOT NULL,
    `bgtrans` tinyint (1) NOT NULL DEFAULT 0,
    `factor` float NOT NULL,
    `allowance` float NOT NULL,
    `allowmonth` float NOT NULL,
    `allowweek` float NOT NULL,
    `counts_as` int(11) NOT NULL,
    `show_in_remainder` tinyint (1) NOT NULL,
    `show_totals` tinyint (1) NOT NULL,
    `approval_required` tinyint (1) NOT NULL,
    `counts_as_present` tinyint (1) NOT NULL,
    `manager_only` tinyint (1) NOT NULL,
    `hide_in_profile` tinyint (1) NOT NULL,
    `confidential` tinyint (1) NOT NULL,
    `takeover` tinyint (1) NOT NULL,
    PRIMARY KEY (`id`)
) ENGINE = MyISAM AUTO_INCREMENT = 10 DEFAULT CHARSET = utf8 COLLATE = utf8_bin;

--
-- Dumping data for table `tcneo_absences`
--
INSERT INTO
  `tcneo_absences` (`id`, `name`, `symbol`, `icon`, `color`, `bgcolor`, `bgtrans`, `factor`, `allowance`, `allowmonth`, `allowweek`, `counts_as`, `show_in_remainder`, `show_totals`, `approval_required`, `counts_as_present`, `manager_only`, `hide_in_profile`, `confidential`, `takeover`)
VALUES
  (1, 'Vacation', 'V', 'fa-solid fa-umbrella-beach', 'FFEE00', 'FC3737', 0, 1, 20, 0, 0, 0, 1, 1, 1, 0, 0, 0, 0, 0),
  (2, 'Sick', 'S', 'fa-solid fa-ambulance', '8C208C', 'FFCCFF', 0, 1, 24, 0, 0, 0, 1, 0, 0, 0, 0, 0, 1, 0),
  (3, 'Day Off', 'F', 'fa-solid fa-mug-saucer', '1A5C00', '00FF00', 0, 1, 12, 0, 0, 1, 1, 1, 0, 0, 0, 1, 0, 0),
  (4, 'Duty Trip', 'D', 'fa-solid fa-plane-departure', 'A35D12', 'FFDB9E', 0, 1, 20, 0, 0, 0, 0, 0, 0, 0, 0, 0, 0, 0),
  (5, 'Home Office', 'H', 'fa-solid fa-house', '2717B5', 'D6F5FF', 0, 1, 0, 4, 1, 0, 0, 0, 0, 1, 0, 0, 0, 0),
  (6, 'Not Present', 'N', 'fa-solid fa-rectangle-xmark', 'FF0000', 'C0C0C0', 0, 1, 0, 0, 0, 0, 0, 0, 0, 0, 1, 1, 1, 0),
  (7, 'Training', 'T', 'fa-solid fa-book-open-reader', 'FFFFFF', '6495ED', 0, 1, 10, 0, 0, 0, 0, 0, 0, 0, 0, 0, 0, 0),
  (8, 'Tentative Absence', 'A', 'fa-solid fa-circle-question', '5E5E5E', 'EFEFEF', 0, 1, 0, 0, 0, 0, 0, 1, 0, 0, 0, 0, 0, 0),
  (9, 'Half day', 'H', 'fa-solid fa-star-half-stroke', 'A10000', 'FFAAAA', 0, 1, 0, 0, 0, 1, 1, 1, 0, 0, 0, 0, 0, 0);

-- --------------------------------------------------------
--
-- Table structure for table `tcneo_absence_group`
--
DROP TABLE IF EXISTS `tcneo_absence_group`;

CREATE TABLE IF NOT EXISTS `tcneo_absence_group` (`id` int(11) NOT NULL AUTO_INCREMENT, `absid` int(11) DEFAULT NULL, `groupid` int(11) DEFAULT NULL, PRIMARY KEY (`id`), UNIQUE KEY `absgroup` (`absid`, `groupid`), KEY `k_absid` (`absid`), KEY `k_groupid` (`groupid`)) ENGINE = MyISAM AUTO_INCREMENT = 37 DEFAULT CHARSET = utf8 COLLATE = utf8_bin;

--
-- Dumping data for table `tcneo_absence_group`
--
INSERT INTO
  `tcneo_absence_group` (`id`, `absid`, `groupid`)
VALUES
  (1, 1, 1),
  (2, 1, 2),
  (3, 1, 3),
  (4, 1, 4),
  (5, 2, 1),
  (6, 2, 2),
  (7, 2, 3),
  (8, 2, 4),
  (9, 3, 1),
  (10, 3, 2),
  (11, 3, 3),
  (12, 3, 4),
  (13, 4, 1),
  (14, 4, 2),
  (15, 4, 3),
  (16, 4, 4),
  (17, 5, 1),
  (18, 5, 2),
  (19, 5, 3),
  (20, 5, 4),
  (21, 6, 1),
  (22, 6, 2),
  (23, 6, 3),
  (24, 6, 4),
  (25, 7, 1),
  (26, 7, 2),
  (27, 7, 3),
  (28, 7, 4),
  (29, 8, 1),
  (30, 8, 2),
  (31, 8, 3),
  (32, 8, 4),
  (33, 9, 1),
  (34, 9, 2),
  (35, 9, 3),
  (36, 9, 4);

-- --------------------------------------------------------
--
-- Table structure for table `tcneo_allowances`
--
DROP TABLE IF EXISTS `tcneo_allowances`;

CREATE TABLE IF NOT EXISTS `tcneo_allowances` (
  `id` int(11) NOT NULL AUTO_INCREMENT,
  `username` varchar(40) CHARACTER
  SET
    utf8 COLLATE utf8_general_ci NOT NULL,
    `absid` int(11) NOT NULL,
    `carryover` smallint(6) DEFAULT 0,
    `allowance` smallint(6) DEFAULT 0,
    PRIMARY KEY (`id`),
    UNIQUE KEY `uk_username_absid` (`username`, `absid`),
    KEY `k_username` (`username`)
) ENGINE = MyISAM AUTO_INCREMENT = 92 DEFAULT CHARSET = utf8 COLLATE = utf8_bin;

-- --------------------------------------------------------
--
-- Table structure for table `tcneo_archive_allowances`
--
DROP TABLE IF EXISTS `tcneo_archive_allowances`;

CREATE TABLE IF NOT EXISTS `tcneo_archive_allowances` (
  `id` int(11) NOT NULL AUTO_INCREMENT,
  `username` varchar(40) CHARACTER
  SET
    utf8 COLLATE utf8_general_ci NOT NULL,
    `absid` int(11) NOT NULL,
    `carryover` smallint(6) DEFAULT 0,
    `allowance` smallint(6) DEFAULT 0,
    PRIMARY KEY (`id`),
    UNIQUE KEY `uk_username_absid` (`username`, `absid`),
    KEY `k_username` (`username`)
) ENGINE = MyISAM DEFAULT CHARSET = utf8 COLLATE = utf8_bin;

-- --------------------------------------------------------
--
-- Table structure for table `tcneo_archive_daynotes`
--
DROP TABLE IF EXISTS `tcneo_archive_daynotes`;

CREATE TABLE IF NOT EXISTS `tcneo_archive_daynotes` (
  `id` int(11) NOT NULL AUTO_INCREMENT,
  `yyyymmdd` varchar(8) CHARACTER
  SET
    utf8 COLLATE utf8_general_ci DEFAULT NULL,
    `username` varchar(40) CHARACTER
  SET
    utf8 COLLATE utf8_general_ci NOT NULL DEFAULT 'all',
    `region` int(11) NOT NULL DEFAULT 1,
    `daynote` text CHARACTER
  SET
    utf8 COLLATE utf8_general_ci DEFAULT NULL,
    `color` varchar(16) NOT NULL DEFAULT 'default',
    `confidential` tinyint (1) NOT NULL DEFAULT 0,
    PRIMARY KEY (`id`),
    UNIQUE KEY `uk_yyyymmdd_username_region` (`yyyymmdd`, `username`, `region`),
    KEY `k_username` (`username`)
) ENGINE = MyISAM DEFAULT CHARSET = utf8 COLLATE = utf8_bin;

-- --------------------------------------------------------
--
-- Table structure for table `tcneo_archive_templates`
--
DROP TABLE IF EXISTS `tcneo_archive_templates`;

CREATE TABLE IF NOT EXISTS `tcneo_archive_templates` (
  `id` int(11) NOT NULL AUTO_INCREMENT,
  `username` varchar(40) CHARACTER
  SET
    utf8 COLLATE utf8_general_ci DEFAULT NULL,
    `year` varchar(4) CHARACTER
  SET
    utf8 COLLATE utf8_general_ci DEFAULT NULL,
    `month` char(2) CHARACTER
  SET
    utf8 COLLATE utf8_general_ci DEFAULT NULL,
    `abs1` int(11) DEFAULT NULL,
    `abs2` int(11) DEFAULT NULL,
    `abs3` int(11) DEFAULT NULL,
    `abs4` int(11) DEFAULT NULL,
    `abs5` int(11) DEFAULT NULL,
    `abs6` int(11) DEFAULT NULL,
    `abs7` int(11) DEFAULT NULL,
    `abs8` int(11) DEFAULT NULL,
    `abs9` int(11) DEFAULT NULL,
    `abs10` int(11) DEFAULT NULL,
    `abs11` int(11) DEFAULT NULL,
    `abs12` int(11) DEFAULT NULL,
    `abs13` int(11) DEFAULT NULL,
    `abs14` int(11) DEFAULT NULL,
    `abs15` int(11) DEFAULT NULL,
    `abs16` int(11) DEFAULT NULL,
    `abs17` int(11) DEFAULT NULL,
    `abs18` int(11) DEFAULT NULL,
    `abs19` int(11) DEFAULT NULL,
    `abs20` int(11) DEFAULT NULL,
    `abs21` int(11) DEFAULT NULL,
    `abs22` int(11) DEFAULT NULL,
    `abs23` int(11) DEFAULT NULL,
    `abs24` int(11) DEFAULT NULL,
    `abs25` int(11) DEFAULT NULL,
    `abs26` int(11) DEFAULT NULL,
    `abs27` int(11) DEFAULT NULL,
    `abs28` int(11) DEFAULT NULL,
    `abs29` int(11) DEFAULT NULL,
    `abs30` int(11) DEFAULT NULL,
    `abs31` int(11) DEFAULT NULL,
    PRIMARY KEY (`id`),
    UNIQUE KEY `uk_username_year_month` (`username`, `year`, `month`),
    KEY `k_username` (`username`)
) ENGINE = MyISAM DEFAULT CHARSET = utf8 COLLATE = utf8_bin;

-- --------------------------------------------------------
--
-- Table structure for table `tcneo_archive_users`
--
DROP TABLE IF EXISTS `tcneo_archive_users`;

CREATE TABLE IF NOT EXISTS `tcneo_archive_users` (
  `username` varchar(40) NOT NULL DEFAULT '',
  `password` varchar(255) DEFAULT NULL,
  `firstname` varchar(80) DEFAULT NULL,
  `lastname` varchar(80) DEFAULT NULL,
  `email` varchar(100) DEFAULT NULL,
  `order_key` varchar(80) NOT NULL DEFAULT '0',
  `role` int(11) DEFAULT 2,
  `locked` tinyint (4) DEFAULT 0,
  `hidden` tinyint (4) DEFAULT 0,
  `onhold` tinyint (4) DEFAULT 0,
  `verify` tinyint (4) DEFAULT 0,
  `bad_logins` tinyint (4) DEFAULT 0,
  `grace_start` datetime NOT NULL DEFAULT '2026-01-01 00:00:00',
  `last_pw_change` datetime NOT NULL DEFAULT '2026-01-01 00:00:00',
  `last_login` datetime NOT NULL DEFAULT '2026-01-01 00:00:00',
  `created` datetime NOT NULL DEFAULT '2026-01-01 00:00:00',
  PRIMARY KEY (`username`),
  KEY `k_firstname` (`firstname`),
  KEY `k_lastname` (`lastname`)
) ENGINE = MyISAM DEFAULT CHARSET = utf8 COLLATE = utf8_bin;

-- --------------------------------------------------------
--
-- Table structure for table `tcneo_archive_user_attachment`
--
DROP TABLE IF EXISTS `tcneo_archive_user_attachment`;

CREATE TABLE IF NOT EXISTS `tcneo_archive_user_attachment` (
  `id` int(11) NOT NULL AUTO_INCREMENT,
  `username` varchar(40) CHARACTER
  SET
    utf8 COLLATE utf8_general_ci DEFAULT NULL,
    `fileid` int(11) NOT NULL,
    PRIMARY KEY (`id`),
    UNIQUE KEY `uk_username_fileid` (`username`, `fileid`),
    KEY `k_username` (`username`)
) ENGINE = MyISAM DEFAULT CHARSET = utf8 COLLATE = utf8_bin;

-- --------------------------------------------------------
--
-- Table structure for table `tcneo_archive_user_group`
--
DROP TABLE IF EXISTS `tcneo_archive_user_group`;

CREATE TABLE IF NOT EXISTS `tcneo_archive_user_group` (
  `id` int(11) NOT NULL AUTO_INCREMENT,
  `username` varchar(40) CHARACTER
  SET
    utf8 COLLATE utf8_general_ci DEFAULT NULL,
    `groupid` int(11) DEFAULT NULL,
    `type` tinytext CHARACTER
  SET
    utf8 COLLATE utf8_general_ci DEFAULT NULL,
    PRIMARY KEY (`id`),
    UNIQUE KEY `uk_username_groupid` (`username`, `groupid`),
    KEY `k_username` (`username`),
    KEY `k_groupid` (`groupid`)
) ENGINE = MyISAM DEFAULT CHARSET = utf8 COLLATE = utf8_bin;

-- --------------------------------------------------------
--
-- Table structure for table `tcneo_archive_user_message`
--
DROP TABLE IF EXISTS `tcneo_archive_user_message`;

CREATE TABLE IF NOT EXISTS `tcneo_archive_user_message` (
  `id` int(11) NOT NULL AUTO_INCREMENT,
  `username` varchar(40) CHARACTER
  SET
    utf8 COLLATE utf8_general_ci DEFAULT NULL,
    `msgid` int(11) DEFAULT NULL,
    `popup` tinyint (4) NOT NULL DEFAULT 0,
    PRIMARY KEY (`id`),
    KEY `k_username` (`username`),
    KEY `k_msgid` (`msgid`)
) ENGINE = MyISAM DEFAULT CHARSET = utf8 COLLATE = utf8_bin;

-- --------------------------------------------------------
--
-- Table structure for table `tcneo_archive_user_option`
--
DROP TABLE IF EXISTS `tcneo_archive_user_option`;

CREATE TABLE IF NOT EXISTS `tcneo_archive_user_option` (
  `id` int(11) NOT NULL AUTO_INCREMENT,
  `username` varchar(40) CHARACTER
  SET
    utf8 COLLATE utf8_general_ci DEFAULT NULL,
    `option` varchar(40) CHARACTER
  SET
    utf8 COLLATE utf8_general_ci DEFAULT NULL,
    `value` text CHARACTER
  SET
    utf8 COLLATE utf8_general_ci DEFAULT NULL,
    PRIMARY KEY (`id`),
    UNIQUE KEY `uk_username_option` (`username`, `option`),
    KEY `k_username` (`username`),
    KEY `k_option` (`option`)
) ENGINE = MyISAM DEFAULT CHARSET = utf8 COLLATE = utf8_bin;

-- --------------------------------------------------------
--
-- Table structure for table `tcneo_attachments`
--
DROP TABLE IF EXISTS `tcneo_attachments`;

CREATE TABLE IF NOT EXISTS `tcneo_attachments` (
  `id` int(11) NOT NULL AUTO_INCREMENT,
  `filename` varchar(255) CHARACTER
  SET
    utf8 COLLATE utf8_general_ci DEFAULT NULL,
    `uploader` varchar(40) CHARACTER
  SET
    utf8 COLLATE utf8_general_ci DEFAULT NULL,
    PRIMARY KEY (`id`),
    UNIQUE KEY `uk_filename` (`filename`)
) ENGINE = MyISAM AUTO_INCREMENT = 13 DEFAULT CHARSET = utf8 COLLATE = utf8_bin;

--
-- Dumping data for table `tcneo_attachments`
--
INSERT INTO
  `tcneo_attachments` (`id`, `filename`, `uploader`)
VALUES
  (1, 'logo-16.png', 'admin'),
  (2, 'logo-22.png', 'admin'),
  (3, 'logo-32.png', 'admin'),
  (4, 'logo-48.png', 'admin'),
  (5, 'logo-64.png', 'admin'),
  (6, 'logo-72.png', 'admin'),
  (7, 'logo-96.png', 'admin'),
  (8, 'logo-128.png', 'admin'),
  (9, 'logo-200.png', 'admin'),
  (10, 'logo-80.png', 'admin'),
  (11, 'logo-256.png', 'admin'),
  (12, 'logo-512.png', 'admin');

-- --------------------------------------------------------
--
-- Table structure for table `tcneo_config`
--
DROP TABLE IF EXISTS `tcneo_config`;

CREATE TABLE IF NOT EXISTS `tcneo_config` (
  `id` int(11) NOT NULL AUTO_INCREMENT,
  `name` varchar(40) CHARACTER
  SET
    utf8 COLLATE utf8_general_ci NOT NULL DEFAULT '',
    `value` text CHARACTER
  SET
    utf8 COLLATE utf8_general_ci NOT NULL,
    PRIMARY KEY (`id`),
    UNIQUE KEY `uk_name` (`name`)
) ENGINE = MyISAM AUTO_INCREMENT = 1 DEFAULT CHARSET = utf8 COLLATE = utf8_bin;

﻿--
-- Dumping data for table `tcneo_config`
--
INSERT INTO
  `tcneo_config` (`name`, `value`)
VALUES
  ('activateMessages', '1'),
  ('adminApproval', '1'),
  ('alertAutocloseDanger', '0'),
  ('alertAutocloseDelay', '3000'),
  ('alertAutocloseSuccess', '1'),
  ('alertAutocloseWarning', '0'),
  ('allowRegistration', '1'),
  ('appDescription', 'A day based online calendar to manage team events'),
  ('appKeywords', 'lewe teamcal neo calendar absence event team'),
  ('appTitle', 'TeamCal Neo'),
  ('appURL', '#'),
  ('avatarHeight', '0'),
  ('avatarMaxSize', '0'),
  ('avatarWidth', '0'),
  ('badLogins', '5'),
  ('calendarFontSize', '100'),
  ('cookieConsent', '1'),
  ('cookieLifetime', '80000'),
  ('currYearRoles', '3,2'),
  ('currentYearOnly', '0'),
  ('dbURL', '#'),
  ('debugHide', '0'),
  ('declAbsence', '0'),
  ('declAbsenceEnddate', ''),
  ('declAbsencePeriod', 'nowForever'),
  ('declAbsenceStartdate', ''),
  ('declApplyToAll', '0'),
  ('declBase', 'group'),
  ('declBefore', '0'),
  ('declBeforeDate', '2026-01-01'),
  ('declBeforeEnddate', ''),
  ('declBeforeOption', 'date'),
  ('declBeforePeriod', 'nowForever'),
  ('declBeforeStartdate', ''),
  ('declNotifyAdmin', '0'),
  ('declNotifyDirector', '0'),
  ('declNotifyManager', '1'),
  ('declNotifyUser', '1'),
  ('declPeriod1', '0'),
  ('declPeriod1End', ''),
  ('declPeriod1Enddate', ''),
  ('declPeriod1Message', ''),
  ('declPeriod1Period', ''),
  ('declPeriod1Start', ''),
  ('declPeriod1Startdate', ''),
  ('declPeriod2', '0'),
  ('declPeriod2End', ''),
  ('declPeriod2Enddate', ''),
  ('declPeriod2Message', ''),
  ('declPeriod2Period', ''),
  ('declPeriod2Start', ''),
  ('declPeriod2Startdate', ''),
  ('declPeriod3', '0'),
  ('declPeriod3End', ''),
  ('declPeriod3Enddate', ''),
  ('declPeriod3Message', ''),
  ('declPeriod3Period', ''),
  ('declPeriod3Start', ''),
  ('declPeriod3Startdate', ''),
  ('declScope', '2'),
  ('declThreshold', '40'),
  ('defaultHomepage', 'home'),
  ('defaultLanguage', 'english'),
  ('defaultMenu', 'sidebar'),
  ('defgroupfilter', 'all'),
  ('defregion', 'Default'),
  ('disableTfa', '0'),
  ('emailConfirmation', '1'),
  ('emailNoPastNotifications', '0'),
  ('emailNotifications', '0'),
  ('firstDayOfWeek', '1'),
  ('font', 'default'),
  ('footerCopyright', 'Lewe.com'),
  ('footerCopyrightUrl', 'http://www.lewe.com'),
  ('footerSocialLinks', 'https://www.linkedin.com/in/george-lewe-a9ab6411b'),
  ('forceTfa', '0'),
  ('gdprController', 'ACME Inc.\r\n123 Street\r\nHometown, XY 4567\r\nGermany\r\nEmail: info@acme.com'),
  ('gdprFacebook', '0'),
  ('gdprGoogleAnalytics', '0'),
  ('gdprGooglePlus', '0'),
  ('gdprInstagram', '0'),
  ('gdprLinkedin', '1'),
  ('gdprOfficer', 'John Doe\r\nPhone: +49 555 12345\r\nEmail: john.doe@acme.com'),
  ('gdprOrganization', 'ACME Inc.'),
  ('gdprPaypal', '0'),
  ('gdprPinterest', '0'),
  ('gdprPolicyPage', '1'),
  ('gdprSlideshare', '0'),
  ('gdprTumblr', '0'),
  ('gdprTwitter', '0'),
  ('gdprXing', '1'),
  ('gdprYoutube', '0'),
  ('googleAnalytics', '0'),
  ('googleAnalyticsID', ''),
  ('gracePeriod', '300'),
  ('hideDaynotes', '0'),
  ('hideManagerOnlyAbsences', '0'),
  ('hideManagers', '0'),
  ('homepage', 'home'),
  ('includeRemainder', '0'),
  ('includeRemainderTotal', '0'),
  ('includeSummary', '0'),
  ('includeTotals', '0'),
  ('jqtheme', 'base'),
  ('licExpiryWarning', '30'),
  ('licKey', ''),
  ('logCalendar', '1'),
  ('logCalendarOptions', '1'),
  ('logConfig', '1'),
  ('logDatabase', '1'),
  ('logDaynote', '0'),
  ('logGroup', '1'),
  ('logImport', '1'),
  ('logLanguage', 'english'),
  ('logLog', '1'),
  ('logLogin', '1'),
  ('logMessage', '0'),
  ('logMonth', '0'),
  ('logNews', '1'),
  ('logPattern', '1'),
  ('logPermission', '1'),
  ('logRegion', '1'),
  ('logRegistration', '1'),
  ('logRole', '1'),
  ('logUpload', '1'),
  ('logUser', '1'),
  ('logcolorCalendar', 'default'),
  ('logcolorCalendarOptions', 'danger'),
  ('logcolorConfig', 'danger'),
  ('logcolorDatabase', 'warning'),
  ('logcolorDaynote', 'default'),
  ('logcolorGroup', 'primary'),
  ('logcolorImport', 'warning'),
  ('logcolorLog', 'default'),
  ('logcolorLogin', 'success'),
  ('logcolorMessage', 'primary'),
  ('logcolorMonth', 'default'),
  ('logcolorPattern', 'success'),
  ('logcolorPermission', 'warning'),
  ('logcolorRegion', 'success'),
  ('logcolorRegistration', 'success'),
  ('logcolorRole', 'primary'),
  ('logcolorUpload', 'primary'),
  ('logcolorUser', 'primary'),
  ('logfilterCalendar Options', '0'),
  ('logfilterCalendar', '1'),
  ('logfilterCalendarOptions', '1'),
  ('logfilterConfig', '1'),
  ('logfilterDatabase', '1'),
  ('logfilterDaynote', '0'),
  ('logfilterGroup', '1'),
  ('logfilterImport', '1'),
  ('logfilterLog', '1'),
  ('logfilterLogin', '1'),
  ('logfilterMessage', '0'),
  ('logfilterMonth', '0'),
  ('logfilterNews', '1'),
  ('logfilterPattern', '1'),
  ('logfilterPermission', '1'),
  ('logfilterRegion', '1'),
  ('logfilterRegistration', '1'),
  ('logfilterRole', '1'),
  ('logfilterUpload', '1'),
  ('logfilterUser', '1'),
  ('logfrom', '2026-01-01 00:00:00.000000'),
  ('logperiod', 'curr_all'),
  ('logto', '2026-12-31 23:59:59.999999'),
  ('mailFrom', 'TeamCal Neo'),
  ('mailReply', 'webmaster@mysite.com'),
  ('mailSMTP', '0'),
  ('mailSMTPAnonymous', '0'),
  ('mailSMTPSSL', '0'),
  ('mailSMTPhost', ''),
  ('mailSMTPpassword', ''),
  ('mailSMTPport', '0'),
  ('mailSMTPusername', ''),
  ('managerOnlyIncludesAdministrator', '0'),
  ('markConfidential', '0'),
  ('matomoAnalytics', '0'),
  ('matomoSiteId', ''),
  ('matomoUrl', ''),
  ('monitorAbsence', '0'),
  ('noCaching', '1'),
  ('noIndex', '0'),
  ('notificationsAllGroups', '0'),
  ('pageHelp', '1'),
  ('pastDayColor', ''),
  ('permissionScheme', 'Default'),
  ('productionMode', '1'),
  ('pwdStrength', 'medium'),
  ('regionalHolidays', '0'),
  ('regionalHolidaysColor', 'CC0000'),
  ('repeatHeaderCount', '0'),
  ('satBusi', '0'),
  ('showAlerts', 'all'),
  ('showAvatars', '1'),
  ('showMonths', '1'),
  ('showRegionButton', '1'),
  ('showRemainder', '0'),
  ('showRoleIcons', '1'),
  ('showSummary', '1'),
  ('showTooltipCount', '0'),
  ('showTwoMonths', '0'),
  ('showUserIcons', '0'),
  ('showUserRegion', '1'),
  ('showWeekNumbers', '1'),
  ('sortByOrderKey', '1'),
  ('statsDefaultColorAbsences', 'red'),
  ('statsDefaultColorAbsencetype', 'cyan'),
  ('statsDefaultColorPresences', 'green'),
  ('statsDefaultColorPresencetype', 'magenta'),
  ('statsDefaultColorRemainder', 'orange'),
  ('statsDefaultColorTrends', 'red'),
  ('statsDefaultColorDayofweek', 'purple'),
  ('statsDefaultColorDuration', 'orange'),
  ('summaryAbsenceTextColor', 'D9534F'),
  ('summaryPresenceTextColor', '5CB85C'),
  ('sunColor', ''),
  ('sunBusi', '0'),
  ('supportMobile', '0'),
  ('symbolAsIcon', '0'),
  ('takeover', '0'),
  ('timeZone', 'Europe/Berlin'),
  ('todayBorderColor', 'FFB300'),
  ('todayBorderSize', '2'),
  ('trustedRoles', '1'),
  ('underMaintenance', '0'),
  ('userCustom1', 'Custom Field 1'),
  ('userCustom2', 'Custom Field 2'),
  ('userCustom3', 'Custom Field 3'),
  ('userCustom4', 'Custom Field 4'),
  ('userCustom5', 'Custom Field 5'),
  ('userManual', 'https%3A%2F%2Flewe.gitbook.io%2Fteamcal-neo%2F'),
  ('userSearch', '0'),
  ('usersPerPage', '0'),
  ('versionCompare', '1'),
  ('welcomeIcon', 'None'),
  (
    'welcomeText',
    '<h3><img alt=\"\" src=\"public/upload/files/logo-128.png\" style=\"float:left; height:128px; margin-bottom:24px; margin-right:24px; width:128px\" />Welcome to TeamCal Neo 5</h3>\r\n\r\n<p>TeamCal Neo is a day-based online calendar that allows to easily manage your team\'s events and absences and displays them in an intuitive interface. You can manage absence types, holidays, regional calendars and much more.</p>\r\n\r\n<p>TeamCal Neo requires a yearly license subscription for a fee.</p>\r\n\r\n<p>Its little brother \"<a href=\"http://tcneobasic.lewe.com\">TeamCal Neo Basic</a>\" , however, remains free and offers the core features of the calendar.</p>\r\n\r\n<h3>Links:</h3>\r\n\r\n<ul>\r\n  <li><a href=\"https://teamcalneo.lewe.com/\" target=\"_blank\">Product Page</a></li>\r\n  <li><a href=\"https://lewe.gitbook.io/teamcal-neo/\" target=\"_blank\">Documentation</a></li>\r\n</ul>\r\n\r\n<h3>Login</h3>\r\n\r\n<p>Select Login from the User menu to login and use the following accounts to give this demo a test drive:</p>\r\n\r\n<p><strong>Admin account:</strong></p>\r\n\r\n<p>admin/Qwer!1234</p>\r\n\r\n<p><strong>User accounts:</strong></p>\r\n\r\n<p>aearhart/Qwer!1234<br />\r\nalupin/Qwer!1234<br />\r\nathene/Qwer!1234<br />\r\ncyeager/Qwer!1234<br />\r\neinstein/Qwer!1234<br />\r\nhermes/Qwer!1234<br />\r\ninewton/Qwer!1234<br />\r\njmarple/Qwer!1234<br />\r\nmcourie/Qwer!1234<br />\r\nrichthofen/Qwer!1234<br />\r\nsherlock/Qwer!1234<br />\r\nzeuss/Qwer!1234</p>\r\n\r\n<p><strong>LDAP test account (when activating the <a href=\"https://lewe.gitbook.io/teamcal-neo/administration/ldap-authentication\">LDAP test configuration</a>):</strong></p>\r\n\r\n<p>einstein/password</p>'
  ),
  ('welcomeTitle', 'Welcome To TeamCal Neo');

-- --------------------------------------------------------
--
-- Table structure for table `tcneo_daynotes`
--
DROP TABLE IF EXISTS `tcneo_daynotes`;

CREATE TABLE IF NOT EXISTS `tcneo_daynotes` (
  `id` int(11) NOT NULL AUTO_INCREMENT,
  `yyyymmdd` varchar(8) CHARACTER
  SET
    utf8 COLLATE utf8_general_ci DEFAULT NULL,
    `username` varchar(40) CHARACTER
  SET
    utf8 COLLATE utf8_general_ci NOT NULL DEFAULT 'all',
    `region` int(11) NOT NULL DEFAULT 1,
    `daynote` text CHARACTER
  SET
    utf8 COLLATE utf8_general_ci DEFAULT NULL,
    `color` varchar(16) NOT NULL DEFAULT 'default',
    `confidential` tinyint (1) NOT NULL DEFAULT 0,
    PRIMARY KEY (`id`),
    UNIQUE KEY `uk_yyyymmdd_username_region` (`yyyymmdd`, `username`, `region`),
    KEY `k_username` (`username`)
) ENGINE = MyISAM DEFAULT CHARSET = utf8 COLLATE = utf8_bin;

-- --------------------------------------------------------
--
-- Table structure for table `tcneo_groups`
--
DROP TABLE IF EXISTS `tcneo_groups`;

CREATE TABLE IF NOT EXISTS `tcneo_groups` (
  `id` int(11) NOT NULL,
  `name` varchar(40) CHARACTER
  SET
    utf8 COLLATE utf8_general_ci NOT NULL DEFAULT '',
    `description` varchar(100) CHARACTER
  SET
    utf8 COLLATE utf8_general_ci NOT NULL DEFAULT '',
    `avatar` varchar(255) CHARACTER
  SET
    utf8 COLLATE utf8_general_ci NOT NULL DEFAULT 'default_group.png',
    `minpresent` smallint(6) NOT NULL DEFAULT 0,
    `maxabsent` smallint(6) NOT NULL DEFAULT 9999,
    `minpresentwe` smallint(6) NOT NULL DEFAULT 0,
    `maxabsentwe` smallint(6) NOT NULL DEFAULT 9999
) ENGINE = MyISAM AUTO_INCREMENT = 5 DEFAULT CHARSET = utf8 COLLATE = utf8_bin;

--
-- Dumping data for table `tcneo_groups`
--
INSERT INTO
  `tcneo_groups` (`id`, `name`, `description`, `avatar`, `minpresent`, `maxabsent`, `minpresentwe`, `maxabsentwe`)
VALUES
  (1, 'Detectives', 'Famous detectives', 'group_1.png', 0, 9999, 0, 9999),
  (2, 'Scientists', 'Famous scientists', 'group_2.png', 0, 9999, 0, 9999),
  (3, 'Mythology', 'Mythology Characters', 'group_3.png', 0, 9999, 0, 9999),
  (4, 'Pilots', 'Famous pilots', 'group_4.png', 0, 9999, 0, 9999);

-- --------------------------------------------------------
--
-- Table structure for table `tcneo_holidays`
--
DROP TABLE IF EXISTS `tcneo_holidays`;

CREATE TABLE IF NOT EXISTS `tcneo_holidays` (
  `id` int(11) NOT NULL AUTO_INCREMENT,
  `name` varchar(40) CHARACTER
  SET
    utf8 COLLATE utf8_general_ci NOT NULL DEFAULT '',
    `description` varchar(100) CHARACTER
  SET
    utf8 COLLATE utf8_general_ci NOT NULL DEFAULT '',
    `color` varchar(6) CHARACTER
  SET
    utf8 COLLATE utf8_general_ci NOT NULL DEFAULT '000000',
    `bgcolor` varchar(6) CHARACTER
  SET
    utf8 COLLATE utf8_general_ci NOT NULL DEFAULT 'ffffff',
    `businessday` tinyint (1) NOT NULL DEFAULT 0,
    `noabsence` tinyint (1) NOT NULL DEFAULT 0,
    `keepweekendcolor` tinyint (1) NOT NULL DEFAULT 0,
    PRIMARY KEY (`id`),
    KEY `k_name` (`name`)
) ENGINE = MyISAM AUTO_INCREMENT = 6 DEFAULT CHARSET = utf8 COLLATE = utf8_bin;

--
-- Dumping data for table `tcneo_holidays`
--
INSERT INTO
  `tcneo_holidays` (`id`, `name`, `description`, `color`, `bgcolor`, `businessday`, `noabsence`, `keepweekendcolor`)
VALUES
  (1, 'Business Day', 'Regular business day', '000000', 'ffffff', 1, 0, 0),
  (2, 'Saturday', 'Regular weekend day (Saturday)', '000000', 'fcfc9a', 1, 0, 0),
  (3, 'Sunday', 'Regular weekend day (Sunday)', '000000', 'fcfc9a', 0, 0, 0),
  (4, 'Public Holiday', 'Public bank holidays', '000000', 'EBAAAA', 0, 0, 0),
  (5, 'School Holiday', 'School holidays', '000000', 'BFFFDF', 1, 0, 1);

-- --------------------------------------------------------
--
-- Table structure for table `tcneo_log`
--
DROP TABLE IF EXISTS `tcneo_log`;

CREATE TABLE IF NOT EXISTS `tcneo_log` (
  `id` int(11) NOT NULL AUTO_INCREMENT,
  `type` varchar(40) CHARACTER
  SET
    utf8 COLLATE utf8_general_ci DEFAULT NULL,
    `timestamp` datetime NOT NULL DEFAULT '2026-01-01 00:00:00',
    `ip` varchar(40) CHARACTER
  SET
    utf8 COLLATE utf8_general_ci DEFAULT NULL,
    `user` varchar(40) CHARACTER
  SET
    utf8 COLLATE utf8_general_ci DEFAULT NULL,
    `event` text CHARACTER
  SET
    utf8 COLLATE utf8_general_ci DEFAULT NULL,
    PRIMARY KEY (`id`)
) ENGINE = MyISAM AUTO_INCREMENT = 1 DEFAULT CHARSET = utf8 COLLATE = utf8_bin;

﻿--
-- Dumping data for table `tcneo_log`
--

INSERT INTO `tcneo_log` (`type`, `timestamp`, `ip`, `user`, `event`) VALUES
('logMessage', '2026-01-01 00:06:25', '127.0.0.1', 'cyeager', 'Profile updated'),
('logLogin', '2026-01-01 01:59:52', '127.0.0.1', 'mcourie', 'Config updated'),
('logPermission', '2026-01-01 02:14:33', '127.0.0.1', 'richthofen', 'Login successful'),
('logMonth', '2026-01-01 08:10:34', '127.0.0.1', 'hermes', 'Profile updated'),
('logPattern', '2026-01-01 08:20:30', '127.0.0.1', 'athene', 'Database optimized'),
('logRole', '2026-01-01 11:11:34', '127.0.0.1', 'athene', 'User added'),
('logPattern', '2026-01-01 12:37:41', '127.0.0.1', 'inewton', 'Config updated'),
('logGroup', '2026-01-01 12:54:10', '127.0.0.1', 'jmarple', 'Login successful'),
('logRole', '2026-01-01 15:06:30', '127.0.0.1', 'admin', 'Config updated'),
('logDatabase', '2026-01-01 16:11:16', '127.0.0.1', 'alupin', 'Login successful'),
('logImport', '2026-01-01 17:28:01', '127.0.0.1', 'inewton', 'User added'),
('logImport', '2026-01-01 19:19:20', '127.0.0.1', 'cyeager', 'Logout'),
('logDatabase', '2026-01-02 01:00:50', '127.0.0.1', 'jmarple', 'Logout'),
('logPermission', '2026-01-02 04:25:26', '127.0.0.1', 'einstein', 'Config updated'),
('logPermission', '2026-01-02 05:26:45', '127.0.0.1', 'aearhart', 'Config updated'),
('logRegion', '2026-01-02 07:01:50', '127.0.0.1', 'admin', 'Calendar changed'),
('logCalendarOptions', '2026-01-02 09:06:35', '127.0.0.1', 'einstein', 'Database optimized'),
('logDaynote', '2026-01-02 15:11:02', '127.0.0.1', 'sherlock', 'Profile updated'),
('logDatabase', '2026-01-02 19:08:41', '127.0.0.1', 'hermes', 'Database optimized'),
('logUpload', '2026-01-03 00:07:16', '127.0.0.1', 'zeuss', 'Login successful'),
('logPattern', '2026-01-03 01:16:28', '127.0.0.1', 'jmarple', 'Login successful'),
('logRegistration', '2026-01-03 01:43:17', '127.0.0.1', 'cyeager', 'Calendar changed'),
('logConfig', '2026-01-03 02:30:06', '127.0.0.1', 'jmarple', 'Profile updated'),
('logUpload', '2026-01-03 08:47:57', '127.0.0.1', 'zeuss', 'Logout'),
('logLog', '2026-01-03 09:17:37', '127.0.0.1', 'zeuss', 'Logout'),
('logUpload', '2026-01-03 12:30:27', '127.0.0.1', 'sherlock', 'Calendar changed'),
('logLogin', '2026-01-03 19:22:22', '127.0.0.1', 'athene', 'Logout'),
('logLog', '2026-01-03 19:40:38', '127.0.0.1', 'sherlock', 'Login successful'),
('logRegion', '2026-01-03 19:53:45', '127.0.0.1', 'alupin', 'Login successful'),
('logLog', '2026-01-04 00:48:14', '127.0.0.1', 'einstein', 'User added'),
('logCalendarOptions', '2026-01-04 01:30:34', '127.0.0.1', 'athene', 'Database optimized'),
('logLogin', '2026-01-04 02:03:05', '127.0.0.1', 'cyeager', 'Database optimized'),
('logPermission', '2026-01-04 03:27:29', '127.0.0.1', 'sherlock', 'Profile updated'),
('logLog', '2026-01-04 05:47:47', '127.0.0.1', 'mcourie', 'Config updated'),
('logDaynote', '2026-01-04 06:50:08', '127.0.0.1', 'sherlock', 'Logout'),
('logRegion', '2026-01-04 08:30:12', '127.0.0.1', 'mcourie', 'User added'),
('logRegistration', '2026-01-04 18:19:52', '127.0.0.1', 'aearhart', 'Login successful'),
('logUser', '2026-01-04 20:29:19', '127.0.0.1', 'aearhart', 'Login successful'),
('logLogin', '2026-01-04 22:18:32', '127.0.0.1', 'zeuss', 'Login successful'),
('logUser', '2026-01-05 02:18:39', '127.0.0.1', 'zeuss', 'User added'),
('logLogin', '2026-01-05 02:36:46', '127.0.0.1', 'mcourie', 'Calendar changed'),
('logCalendar', '2026-01-05 04:37:34', '127.0.0.1', 'zeuss', 'Database optimized'),
('logConfig', '2026-01-05 05:04:23', '127.0.0.1', 'sherlock', 'Logout'),
('logMonth', '2026-01-05 07:37:50', '127.0.0.1', 'hermes', 'User added'),
('logCalendarOptions', '2026-01-05 10:59:27', '127.0.0.1', 'mcourie', 'Config updated'),
('logImport', '2026-01-05 12:00:36', '127.0.0.1', 'inewton', 'Login successful'),
('logMonth', '2026-01-05 12:24:43', '127.0.0.1', 'inewton', 'User added'),
('logRegistration', '2026-01-05 15:56:17', '127.0.0.1', 'richthofen', 'Profile updated'),
('logImport', '2026-01-05 17:43:01', '127.0.0.1', 'richthofen', 'Database optimized'),
('logDaynote', '2026-01-05 22:40:30', '127.0.0.1', 'aearhart', 'Database optimized'),
('logLog', '2026-01-05 23:15:14', '127.0.0.1', 'cyeager', 'Calendar changed'),
('logLogin', '2026-01-06 01:15:35', '127.0.0.1', 'einstein', 'Login successful'),
('logMonth', '2026-01-06 01:18:07', '127.0.0.1', 'admin', 'Logout'),
('logMessage', '2026-01-06 03:47:32', '127.0.0.1', 'jmarple', 'User added'),
('logUpload', '2026-01-06 06:30:26', '127.0.0.1', 'cyeager', 'Database optimized'),
('logGroup', '2026-01-06 10:08:12', '127.0.0.1', 'athene', 'Profile updated'),
('logUpload', '2026-01-06 11:16:07', '127.0.0.1', 'mcourie', 'Login successful'),
('logRole', '2026-01-06 11:19:52', '127.0.0.1', 'jmarple', 'User added'),
('logPattern', '2026-01-06 13:31:00', '127.0.0.1', 'sherlock', 'Database optimized'),
('logRegistration', '2026-01-06 23:19:45', '127.0.0.1', 'sherlock', 'Database optimized'),
('logUser', '2026-01-06 23:59:19', '127.0.0.1', 'sherlock', 'Calendar changed'),
('logConfig', '2026-01-07 00:15:42', '127.0.0.1', 'jmarple', 'Logout'),
('logConfig', '2026-01-07 06:04:08', '127.0.0.1', 'hermes', 'Calendar changed'),
('logUpload', '2026-01-07 11:56:00', '127.0.0.1', 'sherlock', 'Login successful'),
('logLog', '2026-01-07 14:21:45', '127.0.0.1', 'sherlock', 'Logout'),
('logCalendarOptions', '2026-01-07 14:54:27', '127.0.0.1', 'admin', 'Database optimized'),
('logPermission', '2026-01-07 15:11:46', '127.0.0.1', 'aearhart', 'Calendar changed'),
('logImport', '2026-01-07 23:41:45', '127.0.0.1', 'admin', 'Config updated'),
('logUser', '2026-01-08 00:22:18', '127.0.0.1', 'hermes', 'Profile updated'),
('logDaynote', '2026-01-08 00:32:53', '127.0.0.1', 'mcourie', 'Login successful'),
('logConfig', '2026-01-08 00:52:48', '127.0.0.1', 'hermes', 'User added'),
('logMonth', '2026-01-08 04:00:35', '127.0.0.1', 'mcourie', 'Login successful'),
('logGroup', '2026-01-08 04:14:58', '127.0.0.1', 'inewton', 'Login successful'),
('logUser', '2026-01-08 05:40:20', '127.0.0.1', 'jmarple', 'Calendar changed'),
('logDatabase', '2026-01-08 06:59:34', '127.0.0.1', 'cyeager', 'Profile updated'),
('logCalendar', '2026-01-08 07:18:56', '127.0.0.1', 'alupin', 'Database optimized'),
('logCalendarOptions', '2026-01-08 10:12:32', '127.0.0.1', 'einstein', 'User added'),
('logRole', '2026-01-08 10:23:13', '127.0.0.1', 'admin', 'Calendar changed'),
('logPattern', '2026-01-08 10:59:08', '127.0.0.1', 'athene', 'Database optimized'),
('logGroup', '2026-01-08 15:35:24', '127.0.0.1', 'zeuss', 'Calendar changed'),
('logMessage', '2026-01-08 16:39:14', '127.0.0.1', 'einstein', 'Config updated'),
('logImport', '2026-01-08 16:45:02', '127.0.0.1', 'hermes', 'Logout'),
('logUpload', '2026-01-08 16:59:24', '127.0.0.1', 'jmarple', 'Calendar changed'),
('logRegion', '2026-01-08 17:00:39', '127.0.0.1', 'einstein', 'Profile updated'),
('logCalendar', '2026-01-08 18:54:21', '127.0.0.1', 'aearhart', 'Login successful'),
('logCalendarOptions', '2026-01-08 20:42:35', '127.0.0.1', 'jmarple', 'Profile updated'),
('logImport', '2026-01-08 22:20:56', '127.0.0.1', 'alupin', 'User added'),
('logDatabase', '2026-01-09 00:04:16', '127.0.0.1', 'zeuss', 'Database optimized'),
('logUser', '2026-01-09 00:16:46', '127.0.0.1', 'einstein', 'User added'),
('logMonth', '2026-01-09 00:37:27', '127.0.0.1', 'richthofen', 'Logout'),
('logGroup', '2026-01-09 01:40:02', '127.0.0.1', 'alupin', 'Database optimized'),
('logPermission', '2026-01-09 05:08:15', '127.0.0.1', 'inewton', 'Login successful'),
('logCalendar', '2026-01-09 11:12:54', '127.0.0.1', 'athene', 'Database optimized'),
('logLog', '2026-01-09 15:00:41', '127.0.0.1', 'sherlock', 'Calendar changed'),
('logGroup', '2026-01-09 18:58:35', '127.0.0.1', 'sherlock', 'User added'),
('logRegistration', '2026-01-09 19:01:42', '127.0.0.1', 'admin', 'Calendar changed'),
('logUser', '2026-01-09 23:51:10', '127.0.0.1', 'richthofen', 'Login successful'),
('logLog', '2026-01-10 01:50:47', '127.0.0.1', 'zeuss', 'Profile updated'),
('logCalendarOptions', '2026-01-10 04:16:32', '127.0.0.1', 'cyeager', 'Logout'),
('logCalendarOptions', '2026-01-10 05:49:54', '127.0.0.1', 'athene', 'Logout'),
('logPattern', '2026-01-10 09:27:00', '127.0.0.1', 'athene', 'Calendar changed'),
('logMessage', '2026-01-10 09:48:57', '127.0.0.1', 'sherlock', 'Login successful'),
('logImport', '2026-01-10 09:51:50', '127.0.0.1', 'zeuss', 'Calendar changed'),
('logRegistration', '2026-01-10 14:58:32', '127.0.0.1', 'hermes', 'Calendar changed'),
('logUpload', '2026-01-10 15:22:03', '127.0.0.1', 'hermes', 'Database optimized'),
('logGroup', '2026-01-10 15:43:35', '127.0.0.1', 'cyeager', 'Logout'),
('logCalendar', '2026-01-10 18:53:11', '127.0.0.1', 'mcourie', 'Login successful'),
('logMonth', '2026-01-10 23:09:35', '127.0.0.1', 'richthofen', 'Config updated'),
('logMonth', '2026-01-11 05:00:53', '127.0.0.1', 'alupin', 'Profile updated'),
('logMonth', '2026-01-11 05:03:39', '127.0.0.1', 'admin', 'Logout'),
('logRegistration', '2026-01-11 09:44:43', '127.0.0.1', 'einstein', 'Database optimized'),
('logLogin', '2026-01-11 23:36:54', '127.0.0.1', 'athene', 'User added'),
('logConfig', '2026-01-11 23:52:36', '127.0.0.1', 'einstein', 'Profile updated'),
('logMessage', '2026-01-12 06:51:27', '127.0.0.1', 'einstein', 'Login successful'),
('logRegion', '2026-01-12 07:44:56', '127.0.0.1', 'zeuss', 'Database optimized'),
('logUpload', '2026-01-12 08:54:56', '127.0.0.1', 'admin', 'Logout'),
('logUser', '2026-01-12 10:24:06', '127.0.0.1', 'admin', 'User added'),
('logPermission', '2026-01-12 11:32:49', '127.0.0.1', 'sherlock', 'Calendar changed'),
('logRole', '2026-01-12 13:13:12', '127.0.0.1', 'aearhart', 'Database optimized'),
('logDaynote', '2026-01-12 18:26:34', '127.0.0.1', 'alupin', 'Calendar changed'),
('logRole', '2026-01-12 20:12:05', '127.0.0.1', 'zeuss', 'Calendar changed'),
('logDaynote', '2026-01-12 23:18:14', '127.0.0.1', 'alupin', 'Login successful'),
('logLog', '2026-01-13 02:10:53', '127.0.0.1', 'athene', 'Calendar changed'),
('logCalendarOptions', '2026-01-13 07:30:43', '127.0.0.1', 'admin', 'Calendar changed'),
('logRole', '2026-01-13 09:14:13', '127.0.0.1', 'admin', 'Profile updated'),
('logUser', '2026-01-13 10:56:27', '127.0.0.1', 'mcourie', 'Profile updated'),
('logCalendarOptions', '2026-01-13 12:09:32', '127.0.0.1', 'alupin', 'Database optimized'),
('logDaynote', '2026-01-13 12:35:26', '127.0.0.1', 'inewton', 'Profile updated'),
('logImport', '2026-01-13 16:43:30', '127.0.0.1', 'alupin', 'Profile updated'),
('logDaynote', '2026-01-13 17:31:36', '127.0.0.1', 'einstein', 'Logout'),
('logLogin', '2026-01-13 19:08:54', '127.0.0.1', 'aearhart', 'Database optimized'),
('logGroup', '2026-01-13 19:42:24', '127.0.0.1', 'hermes', 'Database optimized'),
('logMessage', '2026-01-14 00:30:21', '127.0.0.1', 'aearhart', 'Config updated'),
('logUser', '2026-01-14 04:21:07', '127.0.0.1', 'richthofen', 'Logout'),
('logLogin', '2026-01-14 06:59:11', '127.0.0.1', 'sherlock', 'Login successful'),
('logLog', '2026-01-14 07:36:24', '127.0.0.1', 'richthofen', 'Logout'),
('logCalendarOptions', '2026-01-14 08:46:06', '127.0.0.1', 'aearhart', 'Database optimized'),
('logRole', '2026-01-14 09:39:16', '127.0.0.1', 'admin', 'User added'),
('logMonth', '2026-01-14 15:19:44', '127.0.0.1', 'einstein', 'Login successful'),
('logImport', '2026-01-14 16:56:52', '127.0.0.1', 'aearhart', 'Config updated'),
('logLogin', '2026-01-15 00:49:55', '127.0.0.1', 'athene', 'Config updated'),
('logGroup', '2026-01-15 09:17:31', '127.0.0.1', 'athene', 'Logout'),
('logUpload', '2026-01-15 09:19:27', '127.0.0.1', 'hermes', 'Logout'),
('logConfig', '2026-01-15 11:43:27', '127.0.0.1', 'mcourie', 'User added'),
('logRole', '2026-01-15 12:38:07', '127.0.0.1', 'jmarple', 'Calendar changed'),
('logRole', '2026-01-15 14:03:23', '127.0.0.1', 'sherlock', 'Calendar changed'),
('logCalendarOptions', '2026-01-15 14:48:48', '127.0.0.1', 'hermes', 'Calendar changed'),
('logRegistration', '2026-01-15 15:21:15', '127.0.0.1', 'sherlock', 'Profile updated'),
('logCalendar', '2026-01-15 20:01:20', '127.0.0.1', 'sherlock', 'Login successful'),
('logRegistration', '2026-01-15 21:32:31', '127.0.0.1', 'jmarple', 'Profile updated'),
('logRegistration', '2026-01-16 00:42:57', '127.0.0.1', 'hermes', 'Profile updated'),
('logRegion', '2026-01-16 01:31:59', '127.0.0.1', 'alupin', 'Login successful'),
('logConfig', '2026-01-16 03:15:27', '127.0.0.1', 'jmarple', 'Login successful'),
('logMonth', '2026-01-16 09:30:26', '127.0.0.1', 'hermes', 'Config updated'),
('logRole', '2026-01-16 10:14:26', '127.0.0.1', 'mcourie', 'Login successful'),
('logLogin', '2026-01-16 10:44:57', '127.0.0.1', 'hermes', 'Logout'),
('logCalendarOptions', '2026-01-16 16:56:53', '127.0.0.1', 'sherlock', 'User added'),
('logUpload', '2026-01-16 23:26:07', '127.0.0.1', 'athene', 'Logout'),
('logPermission', '2026-01-16 23:44:57', '127.0.0.1', 'mcourie', 'Calendar changed'),
('logMessage', '2026-01-17 00:40:31', '127.0.0.1', 'zeuss', 'Profile updated'),
('logDatabase', '2026-01-17 01:05:49', '127.0.0.1', 'jmarple', 'Login successful'),
('logGroup', '2026-01-17 01:18:24', '127.0.0.1', 'sherlock', 'Calendar changed'),
('logDatabase', '2026-01-17 01:43:56', '127.0.0.1', 'cyeager', 'Profile updated'),
('logMessage', '2026-01-17 04:25:57', '127.0.0.1', 'hermes', 'Login successful'),
('logPattern', '2026-01-17 04:27:29', '127.0.0.1', 'cyeager', 'Profile updated'),
('logRegion', '2026-01-17 06:39:09', '127.0.0.1', 'aearhart', 'Config updated'),
('logDaynote', '2026-01-17 08:50:43', '127.0.0.1', 'hermes', 'Database optimized'),
('logDatabase', '2026-01-17 12:33:01', '127.0.0.1', 'jmarple', 'Login successful'),
('logLog', '2026-01-17 19:38:21', '127.0.0.1', 'jmarple', 'Profile updated'),
('logRole', '2026-01-17 22:45:41', '127.0.0.1', 'zeuss', 'Config updated'),
('logRegistration', '2026-01-18 03:59:48', '127.0.0.1', 'athene', 'Login successful'),
('logUser', '2026-01-18 05:31:00', '127.0.0.1', 'hermes', 'Config updated'),
('logConfig', '2026-01-18 05:46:48', '127.0.0.1', 'sherlock', 'Profile updated'),
('logCalendar', '2026-01-18 11:10:11', '127.0.0.1', 'admin', 'Login successful'),
('logRegistration', '2026-01-18 11:26:15', '127.0.0.1', 'richthofen', 'Config updated'),
('logGroup', '2026-01-18 12:35:15', '127.0.0.1', 'zeuss', 'Database optimized'),
('logDatabase', '2026-01-18 12:50:09', '127.0.0.1', 'einstein', 'Calendar changed'),
('logRegistration', '2026-01-18 13:36:46', '127.0.0.1', 'cyeager', 'Profile updated'),
('logRegistration', '2026-01-18 18:20:12', '127.0.0.1', 'zeuss', 'User added'),
('logDatabase', '2026-01-18 19:05:24', '127.0.0.1', 'alupin', 'Config updated'),
('logRegistration', '2026-01-18 19:17:13', '127.0.0.1', 'cyeager', 'User added'),
('logConfig', '2026-01-18 22:08:12', '127.0.0.1', 'athene', 'Logout'),
('logMessage', '2026-01-18 23:16:07', '127.0.0.1', 'sherlock', 'Logout'),
('logCalendar', '2026-01-19 03:03:57', '127.0.0.1', 'cyeager', 'User added'),
('logMonth', '2026-01-19 03:16:40', '127.0.0.1', 'cyeager', 'Login successful'),
('logConfig', '2026-01-19 03:28:00', '127.0.0.1', 'mcourie', 'User added'),
('logPermission', '2026-01-19 04:29:57', '127.0.0.1', 'einstein', 'Database optimized'),
('logLogin', '2026-01-19 08:07:11', '127.0.0.1', 'richthofen', 'Profile updated'),
('logRegistration', '2026-01-19 08:34:08', '127.0.0.1', 'einstein', 'Profile updated'),
('logUpload', '2026-01-19 12:47:54', '127.0.0.1', 'hermes', 'Database optimized'),
('logCalendarOptions', '2026-01-19 16:54:54', '127.0.0.1', 'inewton', 'Login successful'),
('logDaynote', '2026-01-19 17:56:14', '127.0.0.1', 'jmarple', 'Calendar changed'),
('logCalendarOptions', '2026-01-19 20:34:28', '127.0.0.1', 'hermes', 'Login successful'),
('logMonth', '2026-01-19 20:37:37', '127.0.0.1', 'richthofen', 'Logout'),
('logMonth', '2026-01-19 23:17:25', '127.0.0.1', 'sherlock', 'Login successful'),
('logUpload', '2026-01-20 00:38:10', '127.0.0.1', 'zeuss', 'Database optimized'),
('logDaynote', '2026-01-20 02:22:42', '127.0.0.1', 'einstein', 'User added'),
('logMonth', '2026-01-20 05:05:39', '127.0.0.1', 'richthofen', 'Config updated'),
('logDatabase', '2026-01-20 09:55:25', '127.0.0.1', 'hermes', 'Calendar changed'),
('logDatabase', '2026-01-20 11:17:22', '127.0.0.1', 'hermes', 'Logout'),
('logCalendar', '2026-01-20 11:52:12', '127.0.0.1', 'einstein', 'User added'),
('logCalendar', '2026-01-20 14:39:14', '127.0.0.1', 'jmarple', 'Calendar changed'),
('logCalendar', '2026-01-20 16:32:21', '127.0.0.1', 'aearhart', 'Config updated'),
('logLog', '2026-01-20 18:55:11', '127.0.0.1', 'zeuss', 'User added'),
('logCalendar', '2026-01-20 23:25:15', '127.0.0.1', 'sherlock', 'Database optimized'),
('logRegistration', '2026-01-21 09:01:41', '127.0.0.1', 'jmarple', 'Login successful'),
('logConfig', '2026-01-21 09:20:08', '127.0.0.1', 'cyeager', 'User added'),
('logRegistration', '2026-01-21 10:17:54', '127.0.0.1', 'mcourie', 'Login successful'),
('logMessage', '2026-01-21 13:12:16', '127.0.0.1', 'inewton', 'Calendar changed'),
('logMessage', '2026-01-21 16:35:22', '127.0.0.1', 'alupin', 'Logout'),
('logPattern', '2026-01-21 18:07:20', '127.0.0.1', 'athene', 'Logout'),
('logLog', '2026-01-21 19:34:25', '127.0.0.1', 'jmarple', 'Logout'),
('logMonth', '2026-01-21 21:07:53', '127.0.0.1', 'athene', 'User added'),
('logGroup', '2026-01-22 00:41:55', '127.0.0.1', 'zeuss', 'Config updated'),
('logRegion', '2026-01-22 05:56:44', '127.0.0.1', 'admin', 'Calendar changed'),
('logUpload', '2026-01-22 09:38:08', '127.0.0.1', 'jmarple', 'User added'),
('logLog', '2026-01-22 11:08:02', '127.0.0.1', 'jmarple', 'Login successful'),
('logRegion', '2026-01-22 17:27:49', '127.0.0.1', 'richthofen', 'Profile updated'),
('logConfig', '2026-01-22 19:04:46', '127.0.0.1', 'zeuss', 'Config updated'),
('logCalendar', '2026-01-22 20:21:58', '127.0.0.1', 'sherlock', 'Config updated'),
('logRegion', '2026-01-22 22:50:08', '127.0.0.1', 'jmarple', 'Login successful'),
('logLogin', '2026-01-23 04:35:06', '127.0.0.1', 'aearhart', 'Logout'),
('logDatabase', '2026-01-23 04:38:10', '127.0.0.1', 'aearhart', 'Calendar changed'),
('logUser', '2026-01-23 06:17:07', '127.0.0.1', 'mcourie', 'Calendar changed'),
('logGroup', '2026-01-23 06:48:37', '127.0.0.1', 'inewton', 'User added'),
('logImport', '2026-01-23 07:04:33', '127.0.0.1', 'zeuss', 'User added'),
('logLog', '2026-01-23 08:40:36', '127.0.0.1', 'sherlock', 'Login successful'),
('logDaynote', '2026-01-23 08:40:38', '127.0.0.1', 'einstein', 'Database optimized'),
('logLogin', '2026-01-23 11:51:35', '127.0.0.1', 'richthofen', 'Login successful'),
('logUpload', '2026-01-23 12:14:10', '127.0.0.1', 'aearhart', 'Profile updated'),
('logRegion', '2026-01-23 16:34:14', '127.0.0.1', 'alupin', 'Login successful'),
('logMessage', '2026-01-23 17:11:00', '127.0.0.1', 'richthofen', 'Login successful'),
('logUser', '2026-01-23 17:34:44', '127.0.0.1', 'sherlock', 'Calendar changed'),
('logLogin', '2026-01-23 19:12:36', '127.0.0.1', 'jmarple', 'Calendar changed'),
('logPermission', '2026-01-24 01:09:26', '127.0.0.1', 'admin', 'Logout'),
('logDatabase', '2026-01-24 02:10:48', '127.0.0.1', 'mcourie', 'Config updated'),
('logRegistration', '2026-01-24 04:14:25', '127.0.0.1', 'alupin', 'Logout'),
('logMonth', '2026-01-24 04:15:38', '127.0.0.1', 'athene', 'Profile updated'),
('logPermission', '2026-01-24 04:55:04', '127.0.0.1', 'inewton', 'Login successful'),
('logPattern', '2026-01-24 06:13:37', '127.0.0.1', 'einstein', 'Login successful'),
('logUpload', '2026-01-24 07:07:59', '127.0.0.1', 'hermes', 'User added'),
('logRegion', '2026-01-24 07:37:58', '127.0.0.1', 'mcourie', 'Calendar changed'),
('logLogin', '2026-01-24 08:06:33', '127.0.0.1', 'aearhart', 'User added'),
('logCalendarOptions', '2026-01-24 09:42:09', '127.0.0.1', 'cyeager', 'Config updated'),
('logMessage', '2026-01-24 19:36:58', '127.0.0.1', 'aearhart', 'Config updated'),
('logRegistration', '2026-01-24 19:44:36', '127.0.0.1', 'einstein', 'Config updated'),
('logCalendarOptions', '2026-01-24 22:48:59', '127.0.0.1', 'admin', 'Database optimized'),
('logImport', '2026-01-24 22:51:43', '127.0.0.1', 'aearhart', 'Config updated'),
('logGroup', '2026-01-25 03:08:18', '127.0.0.1', 'einstein', 'Login successful'),
('logDaynote', '2026-01-25 04:25:37', '127.0.0.1', 'inewton', 'Calendar changed'),
('logRegistration', '2026-01-25 04:26:13', '127.0.0.1', 'admin', 'Database optimized'),
('logCalendar', '2026-01-25 05:19:17', '127.0.0.1', 'einstein', 'Config updated'),
('logConfig', '2026-01-25 07:14:25', '127.0.0.1', 'einstein', 'User added'),
('logGroup', '2026-01-25 15:45:00', '127.0.0.1', 'inewton', 'User added'),
('logUpload', '2026-01-25 18:11:41', '127.0.0.1', 'alupin', 'Config updated'),
('logPermission', '2026-01-25 18:53:47', '127.0.0.1', 'inewton', 'Calendar changed'),
('logPermission', '2026-01-25 19:26:13', '127.0.0.1', 'hermes', 'User added'),
('logLogin', '2026-01-25 21:23:23', '127.0.0.1', 'jmarple', 'Login successful'),
('logPattern', '2026-01-26 00:38:57', '127.0.0.1', 'alupin', 'Profile updated'),
('logImport', '2026-01-26 00:49:00', '127.0.0.1', 'richthofen', 'Logout'),
('logPermission', '2026-01-26 01:21:40', '127.0.0.1', 'aearhart', 'Config updated'),
('logMonth', '2026-01-26 02:03:58', '127.0.0.1', 'hermes', 'Database optimized'),
('logMonth', '2026-01-26 06:10:52', '127.0.0.1', 'inewton', 'User added'),
('logMessage', '2026-01-26 06:34:48', '127.0.0.1', 'jmarple', 'User added'),
('logConfig', '2026-01-26 06:35:20', '127.0.0.1', 'hermes', 'Config updated'),
('logMessage', '2026-01-26 08:33:11', '127.0.0.1', 'jmarple', 'Login successful'),
('logRegistration', '2026-01-26 11:33:16', '127.0.0.1', 'mcourie', 'Database optimized'),
('logCalendarOptions', '2026-01-26 12:52:45', '127.0.0.1', 'admin', 'Database optimized'),
('logPermission', '2026-01-26 14:25:16', '127.0.0.1', 'athene', 'Profile updated'),
('logPermission', '2026-01-26 14:45:11', '127.0.0.1', 'cyeager', 'User added'),
('logLogin', '2026-01-26 17:18:57', '127.0.0.1', 'aearhart', 'Config updated'),
('logMessage', '2026-01-26 17:31:22', '127.0.0.1', 'richthofen', 'Calendar changed'),
('logGroup', '2026-01-26 18:26:46', '127.0.0.1', 'hermes', 'Database optimized'),
('logMonth', '2026-01-26 18:42:59', '127.0.0.1', 'einstein', 'Login successful'),
('logPermission', '2026-01-26 22:12:46', '127.0.0.1', 'richthofen', 'Calendar changed'),
('logMonth', '2026-01-27 03:01:32', '127.0.0.1', 'mcourie', 'Config updated'),
('logRegistration', '2026-01-27 07:08:22', '127.0.0.1', 'einstein', 'Database optimized'),
('logUser', '2026-01-27 08:05:37', '127.0.0.1', 'aearhart', 'Login successful'),
('logUpload', '2026-01-27 12:08:49', '127.0.0.1', 'zeuss', 'Login successful'),
('logRegistration', '2026-01-27 14:21:51', '127.0.0.1', 'jmarple', 'Profile updated'),
('logGroup', '2026-01-27 20:37:24', '127.0.0.1', 'sherlock', 'Login successful'),
('logLog', '2026-01-27 21:25:10', '127.0.0.1', 'einstein', 'Database optimized'),
('logDatabase', '2026-01-28 03:25:14', '127.0.0.1', 'admin', 'User added'),
('logRegistration', '2026-01-28 03:46:15', '127.0.0.1', 'jmarple', 'User added'),
('logMessage', '2026-01-28 05:09:10', '127.0.0.1', 'athene', 'Profile updated'),
('logRegistration', '2026-01-28 05:18:05', '127.0.0.1', 'richthofen', 'Config updated'),
('logDaynote', '2026-01-28 05:34:25', '127.0.0.1', 'sherlock', 'Logout'),
('logLog', '2026-01-28 06:07:29', '127.0.0.1', 'einstein', 'Calendar changed'),
('logUser', '2026-01-28 07:38:47', '127.0.0.1', 'hermes', 'Logout'),
('logDatabase', '2026-01-28 10:19:47', '127.0.0.1', 'aearhart', 'User added'),
('logRegistration', '2026-01-28 10:27:25', '127.0.0.1', 'einstein', 'Logout'),
('logDaynote', '2026-01-28 10:28:40', '127.0.0.1', 'alupin', 'Logout'),
('logDatabase', '2026-01-28 14:54:17', '127.0.0.1', 'cyeager', 'Calendar changed'),
('logMonth', '2026-01-28 15:08:11', '127.0.0.1', 'aearhart', 'Login successful'),
('logCalendarOptions', '2026-01-28 15:11:13', '127.0.0.1', 'einstein', 'Login successful'),
('logDaynote', '2026-01-28 16:26:17', '127.0.0.1', 'cyeager', 'Database optimized'),
('logUpload', '2026-01-28 17:35:06', '127.0.0.1', 'athene', 'Login successful'),
('logUser', '2026-01-28 18:51:50', '127.0.0.1', 'aearhart', 'Calendar changed'),
('logImport', '2026-01-28 20:11:25', '127.0.0.1', 'cyeager', 'Logout'),
('logLog', '2026-01-28 21:06:24', '127.0.0.1', 'richthofen', 'Login successful'),
('logCalendarOptions', '2026-01-28 23:53:50', '127.0.0.1', 'cyeager', 'Login successful'),
('logConfig', '2026-01-29 01:18:39', '127.0.0.1', 'aearhart', 'Database optimized'),
('logCalendarOptions', '2026-01-29 04:41:30', '127.0.0.1', 'jmarple', 'Logout'),
('logDaynote', '2026-01-29 05:25:46', '127.0.0.1', 'cyeager', 'Login successful'),
('logImport', '2026-01-29 06:57:55', '127.0.0.1', 'hermes', 'Calendar changed'),
('logLog', '2026-01-29 07:15:43', '127.0.0.1', 'richthofen', 'Profile updated'),
('logMessage', '2026-01-29 09:15:29', '127.0.0.1', 'inewton', 'Login successful'),
('logPermission', '2026-01-29 11:14:54', '127.0.0.1', 'richthofen', 'Profile updated'),
('logRegion', '2026-01-29 12:27:02', '127.0.0.1', 'einstein', 'Login successful'),
('logCalendar', '2026-01-29 13:14:48', '127.0.0.1', 'cyeager', 'Config updated'),
('logUpload', '2026-01-29 15:29:49', '127.0.0.1', 'mcourie', 'Config updated'),
('logLog', '2026-01-29 23:27:25', '127.0.0.1', 'aearhart', 'Database optimized'),
('logMonth', '2026-01-30 03:12:12', '127.0.0.1', 'mcourie', 'Config updated'),
('logUser', '2026-01-30 06:39:10', '127.0.0.1', 'einstein', 'Logout'),
('logUpload', '2026-01-30 07:12:50', '127.0.0.1', 'cyeager', 'User added'),
('logMonth', '2026-01-30 07:27:23', '127.0.0.1', 'aearhart', 'Database optimized'),
('logMessage', '2026-01-30 08:41:33', '127.0.0.1', 'einstein', 'Database optimized'),
('logPattern', '2026-01-30 08:47:52', '127.0.0.1', 'cyeager', 'Login successful'),
('logRole', '2026-01-30 09:58:30', '127.0.0.1', 'athene', 'Calendar changed'),
('logUpload', '2026-01-30 13:11:30', '127.0.0.1', 'alupin', 'Config updated'),
('logUser', '2026-01-30 14:31:10', '127.0.0.1', 'zeuss', 'Login successful'),
('logCalendar', '2026-01-30 15:37:54', '127.0.0.1', 'mcourie', 'Config updated'),
('logUser', '2026-01-30 20:03:23', '127.0.0.1', 'hermes', 'Login successful'),
('logCalendar', '2026-01-30 21:08:25', '127.0.0.1', 'richthofen', 'Profile updated'),
('logGroup', '2026-01-30 21:30:23', '127.0.0.1', 'inewton', 'Profile updated'),
('logDatabase', '2026-01-30 21:44:28', '127.0.0.1', 'jmarple', 'Login successful'),
('logUpload', '2026-01-31 04:48:22', '127.0.0.1', 'inewton', 'Profile updated'),
('logLogin', '2026-01-31 05:24:40', '127.0.0.1', 'athene', 'Profile updated'),
('logRegion', '2026-01-31 10:24:19', '127.0.0.1', 'sherlock', 'Database optimized'),
('logPermission', '2026-01-31 10:29:29', '127.0.0.1', 'zeuss', 'Logout'),
('logRegistration', '2026-01-31 10:45:44', '127.0.0.1', 'inewton', 'Database optimized'),
('logPermission', '2026-01-31 12:59:13', '127.0.0.1', 'inewton', 'Profile updated'),
('logLog', '2026-01-31 13:48:26', '127.0.0.1', 'zeuss', 'Calendar changed'),
('logPermission', '2026-01-31 16:52:57', '127.0.0.1', 'zeuss', 'Profile updated'),
('logCalendar', '2026-01-31 17:13:53', '127.0.0.1', 'richthofen', 'Config updated'),
('logCalendar', '2026-01-31 20:50:26', '127.0.0.1', 'richthofen', 'Profile updated'),
('logMessage', '2026-01-31 20:55:26', '127.0.0.1', 'alupin', 'Profile updated'),
('logDaynote', '2026-01-31 21:44:20', '127.0.0.1', 'richthofen', 'Calendar changed'),
('logRole', '2026-01-31 22:00:53', '127.0.0.1', 'jmarple', 'User added'),
('logPermission', '2026-02-01 00:01:25', '127.0.0.1', 'einstein', 'Calendar changed'),
('logGroup', '2026-02-01 01:12:09', '127.0.0.1', 'alupin', 'Database optimized'),
('logConfig', '2026-02-01 01:35:41', '127.0.0.1', 'admin', 'Database optimized'),
('logUpload', '2026-02-01 02:45:14', '127.0.0.1', 'zeuss', 'Logout'),
('logRegion', '2026-02-01 05:22:49', '127.0.0.1', 'mcourie', 'Calendar changed'),
('logPermission', '2026-02-01 07:02:50', '127.0.0.1', 'jmarple', 'Calendar changed'),
('logMonth', '2026-02-01 07:07:40', '127.0.0.1', 'admin', 'Profile updated'),
('logRegion', '2026-02-01 08:03:37', '127.0.0.1', 'jmarple', 'Database optimized'),
('logCalendarOptions', '2026-02-01 11:14:26', '127.0.0.1', 'inewton', 'Profile updated'),
('logPermission', '2026-02-01 11:32:10', '127.0.0.1', 'admin', 'Config updated'),
('logImport', '2026-02-01 17:33:19', '127.0.0.1', 'einstein', 'User added'),
('logMonth', '2026-02-01 17:40:17', '127.0.0.1', 'jmarple', 'Calendar changed'),
('logImport', '2026-02-01 18:56:04', '127.0.0.1', 'jmarple', 'Login successful'),
('logUser', '2026-02-01 22:41:40', '127.0.0.1', 'zeuss', 'Calendar changed'),
('logLogin', '2026-02-01 23:12:00', '127.0.0.1', 'cyeager', 'Config updated'),
('logGroup', '2026-02-02 01:28:41', '127.0.0.1', 'aearhart', 'Logout'),
('logUser', '2026-02-02 02:34:32', '127.0.0.1', 'zeuss', 'User added'),
('logDaynote', '2026-02-02 05:49:47', '127.0.0.1', 'inewton', 'User added'),
('logGroup', '2026-02-02 06:31:21', '127.0.0.1', 'cyeager', 'Login successful'),
('logUser', '2026-02-02 07:14:45', '127.0.0.1', 'admin', 'Logout'),
('logDaynote', '2026-02-02 09:05:52', '127.0.0.1', 'cyeager', 'Logout'),
('logPattern', '2026-02-02 09:31:22', '127.0.0.1', 'richthofen', 'Profile updated'),
('logCalendar', '2026-02-02 09:47:53', '127.0.0.1', 'richthofen', 'Calendar changed'),
('logDaynote', '2026-02-02 11:00:11', '127.0.0.1', 'hermes', 'Calendar changed'),
('logMonth', '2026-02-02 11:01:54', '127.0.0.1', 'alupin', 'Calendar changed'),
('logUser', '2026-02-02 12:07:03', '127.0.0.1', 'richthofen', 'Logout'),
('logLog', '2026-02-02 16:37:05', '127.0.0.1', 'athene', 'Login successful'),
('logUpload', '2026-02-02 18:57:23', '127.0.0.1', 'richthofen', 'Config updated'),
('logGroup', '2026-02-02 21:39:51', '127.0.0.1', 'cyeager', 'Profile updated'),
('logDaynote', '2026-02-02 22:37:48', '127.0.0.1', 'jmarple', 'Config updated'),
('logConfig', '2026-02-02 23:23:42', '127.0.0.1', 'admin', 'Profile updated'),
('logConfig', '2026-02-03 01:50:11', '127.0.0.1', 'zeuss', 'Database optimized'),
('logMonth', '2026-02-03 04:43:33', '127.0.0.1', 'jmarple', 'Logout'),
('logGroup', '2026-02-03 11:34:50', '127.0.0.1', 'inewton', 'Calendar changed'),
('logRegion', '2026-02-03 12:17:12', '127.0.0.1', 'mcourie', 'Calendar changed'),
('logDaynote', '2026-02-03 12:51:09', '127.0.0.1', 'alupin', 'User added'),
('logPermission', '2026-02-03 13:35:01', '127.0.0.1', 'aearhart', 'Login successful'),
('logUpload', '2026-02-03 15:46:24', '127.0.0.1', 'hermes', 'Config updated'),
('logRegistration', '2026-02-03 19:22:33', '127.0.0.1', 'admin', 'User added'),
('logLogin', '2026-02-04 02:25:14', '127.0.0.1', 'cyeager', 'Database optimized'),
('logConfig', '2026-02-04 05:22:31', '127.0.0.1', 'einstein', 'Database optimized'),
('logDatabase', '2026-02-04 05:39:59', '127.0.0.1', 'sherlock', 'Database optimized'),
('logGroup', '2026-02-04 06:12:25', '127.0.0.1', 'mcourie', 'Config updated'),
('logCalendar', '2026-02-04 10:16:01', '127.0.0.1', 'alupin', 'Config updated'),
('logMonth', '2026-02-04 10:30:19', '127.0.0.1', 'aearhart', 'Profile updated'),
('logCalendar', '2026-02-04 11:31:22', '127.0.0.1', 'athene', 'Calendar changed'),
('logRole', '2026-02-04 12:46:36', '127.0.0.1', 'hermes', 'Calendar changed'),
('logMessage', '2026-02-04 13:36:01', '127.0.0.1', 'admin', 'Profile updated'),
('logRole', '2026-02-04 14:16:14', '127.0.0.1', 'zeuss', 'Logout'),
('logRegion', '2026-02-04 16:22:37', '127.0.0.1', 'einstein', 'Calendar changed'),
('logDaynote', '2026-02-04 20:42:12', '127.0.0.1', 'inewton', 'Login successful'),
('logLog', '2026-02-04 22:47:46', '127.0.0.1', 'einstein', 'Calendar changed'),
('logPattern', '2026-02-05 13:14:59', '127.0.0.1', 'jmarple', 'Database optimized'),
('logCalendarOptions', '2026-02-05 14:09:11', '127.0.0.1', 'zeuss', 'Config updated'),
('logUser', '2026-02-05 16:27:24', '127.0.0.1', 'inewton', 'Config updated'),
('logMessage', '2026-02-05 17:57:21', '127.0.0.1', 'alupin', 'Database optimized'),
('logMessage', '2026-02-05 19:13:31', '127.0.0.1', 'inewton', 'User added'),
('logImport', '2026-02-05 21:19:52', '127.0.0.1', 'sherlock', 'Login successful'),
('logPattern', '2026-02-05 23:34:46', '127.0.0.1', 'richthofen', 'Calendar changed'),
('logLog', '2026-02-06 04:43:55', '127.0.0.1', 'inewton', 'Profile updated'),
('logLog', '2026-02-06 07:21:26', '127.0.0.1', 'alupin', 'Database optimized');


-- --------------------------------------------------------
--
-- Table structure for table `tcneo_messages`
--
DROP TABLE IF EXISTS `tcneo_messages`;

CREATE TABLE IF NOT EXISTS `tcneo_messages` (
  `id` int(11) NOT NULL AUTO_INCREMENT,
  `timestamp` datetime NOT NULL DEFAULT '2026-01-01 00:00:00',
  `text` text CHARACTER
  SET
    utf8 COLLATE utf8_general_ci NOT NULL,
    `type` varchar(8) CHARACTER
  SET
    utf8 COLLATE utf8_general_ci NOT NULL,
    PRIMARY KEY (`id`),
    KEY `k_type` (`type`)
) ENGINE = MyISAM DEFAULT CHARSET = utf8 COLLATE = utf8_bin;

-- --------------------------------------------------------
--
-- Table structure for table `tcneo_months`
--
DROP TABLE IF EXISTS `tcneo_months`;

CREATE TABLE IF NOT EXISTS `tcneo_months` (
  `id` int(11) NOT NULL AUTO_INCREMENT,
  `year` varchar(4) CHARACTER
  SET
    utf8 COLLATE utf8_general_ci DEFAULT NULL,
    `month` char(2) CHARACTER
  SET
    utf8 COLLATE utf8_general_ci DEFAULT NULL,
    `region` int(11) DEFAULT 1,
    `wday1` tinyint (1) DEFAULT NULL,
    `wday2` tinyint (1) DEFAULT NULL,
    `wday3` tinyint (1) DEFAULT NULL,
    `wday4` tinyint (1) DEFAULT NULL,
    `wday5` tinyint (1) DEFAULT NULL,
    `wday6` tinyint (1) DEFAULT NULL,
    `wday7` tinyint (1) DEFAULT NULL,
    `wday8` tinyint (1) DEFAULT NULL,
    `wday9` tinyint (1) DEFAULT NULL,
    `wday10` tinyint (1) DEFAULT NULL,
    `wday11` tinyint (1) DEFAULT NULL,
    `wday12` tinyint (1) DEFAULT NULL,
    `wday13` tinyint (1) DEFAULT NULL,
    `wday14` tinyint (1) DEFAULT NULL,
    `wday15` tinyint (1) DEFAULT NULL,
    `wday16` tinyint (1) DEFAULT NULL,
    `wday17` tinyint (1) DEFAULT NULL,
    `wday18` tinyint (1) DEFAULT NULL,
    `wday19` tinyint (1) DEFAULT NULL,
    `wday20` tinyint (1) DEFAULT NULL,
    `wday21` tinyint (1) DEFAULT NULL,
    `wday22` tinyint (1) DEFAULT NULL,
    `wday23` tinyint (1) DEFAULT NULL,
    `wday24` tinyint (1) DEFAULT NULL,
    `wday25` tinyint (1) DEFAULT NULL,
    `wday26` tinyint (1) DEFAULT NULL,
    `wday27` tinyint (1) DEFAULT NULL,
    `wday28` tinyint (1) DEFAULT NULL,
    `wday29` tinyint (1) DEFAULT NULL,
    `wday30` tinyint (1) DEFAULT NULL,
    `wday31` tinyint (1) DEFAULT NULL,
    `week1` smallint(6) DEFAULT NULL,
    `week2` smallint(6) DEFAULT NULL,
    `week3` smallint(6) DEFAULT NULL,
    `week4` smallint(6) DEFAULT NULL,
    `week5` smallint(6) DEFAULT NULL,
    `week6` smallint(6) DEFAULT NULL,
    `week7` smallint(6) DEFAULT NULL,
    `week8` smallint(6) DEFAULT NULL,
    `week9` smallint(6) DEFAULT NULL,
    `week10` smallint(6) DEFAULT NULL,
    `week11` smallint(6) DEFAULT NULL,
    `week12` smallint(6) DEFAULT NULL,
    `week13` smallint(6) DEFAULT NULL,
    `week14` smallint(6) DEFAULT NULL,
    `week15` smallint(6) DEFAULT NULL,
    `week16` smallint(6) DEFAULT NULL,
    `week17` smallint(6) DEFAULT NULL,
    `week18` smallint(6) DEFAULT NULL,
    `week19` smallint(6) DEFAULT NULL,
    `week20` smallint(6) DEFAULT NULL,
    `week21` smallint(6) DEFAULT NULL,
    `week22` smallint(6) DEFAULT NULL,
    `week23` smallint(6) DEFAULT NULL,
    `week24` smallint(6) DEFAULT NULL,
    `week25` smallint(6) DEFAULT NULL,
    `week26` smallint(6) DEFAULT NULL,
    `week27` smallint(6) DEFAULT NULL,
    `week28` smallint(6) DEFAULT NULL,
    `week29` smallint(6) DEFAULT NULL,
    `week30` smallint(6) DEFAULT NULL,
    `week31` smallint(6) DEFAULT NULL,
    `hol1` int(11) DEFAULT NULL,
    `hol2` int(11) DEFAULT NULL,
    `hol3` int(11) DEFAULT NULL,
    `hol4` int(11) DEFAULT NULL,
    `hol5` int(11) DEFAULT NULL,
    `hol6` int(11) DEFAULT NULL,
    `hol7` int(11) DEFAULT NULL,
    `hol8` int(11) DEFAULT NULL,
    `hol9` int(11) DEFAULT NULL,
    `hol10` int(11) DEFAULT NULL,
    `hol11` int(11) DEFAULT NULL,
    `hol12` int(11) DEFAULT NULL,
    `hol13` int(11) DEFAULT NULL,
    `hol14` int(11) DEFAULT NULL,
    `hol15` int(11) DEFAULT NULL,
    `hol16` int(11) DEFAULT NULL,
    `hol17` int(11) DEFAULT NULL,
    `hol18` int(11) DEFAULT NULL,
    `hol19` int(11) DEFAULT NULL,
    `hol20` int(11) DEFAULT NULL,
    `hol21` int(11) DEFAULT NULL,
    `hol22` int(11) DEFAULT NULL,
    `hol23` int(11) DEFAULT NULL,
    `hol24` int(11) DEFAULT NULL,
    `hol25` int(11) DEFAULT NULL,
    `hol26` int(11) DEFAULT NULL,
    `hol27` int(11) DEFAULT NULL,
    `hol28` int(11) DEFAULT NULL,
    `hol29` int(11) DEFAULT NULL,
    `hol30` int(11) DEFAULT NULL,
    `hol31` int(11) DEFAULT NULL,
    PRIMARY KEY (`id`),
    UNIQUE KEY `uk_year_month_region` (`year`, `month`, `region`)
) ENGINE = MyISAM AUTO_INCREMENT = 2 DEFAULT CHARSET = utf8 COLLATE = utf8_bin;

--
-- Dumping data for table `tcneo_months`
--
INSERT INTO
  `tcneo_months` (
    `id`,
    `year`,
    `month`,
    `region`,
    `wday1`,
    `wday2`,
    `wday3`,
    `wday4`,
    `wday5`,
    `wday6`,
    `wday7`,
    `wday8`,
    `wday9`,
    `wday10`,
    `wday11`,
    `wday12`,
    `wday13`,
    `wday14`,
    `wday15`,
    `wday16`,
    `wday17`,
    `wday18`,
    `wday19`,
    `wday20`,
    `wday21`,
    `wday22`,
    `wday23`,
    `wday24`,
    `wday25`,
    `wday26`,
    `wday27`,
    `wday28`,
    `wday29`,
    `wday30`,
    `wday31`,
    `week1`,
    `week2`,
    `week3`,
    `week4`,
    `week5`,
    `week6`,
    `week7`,
    `week8`,
    `week9`,
    `week10`,
    `week11`,
    `week12`,
    `week13`,
    `week14`,
    `week15`,
    `week16`,
    `week17`,
    `week18`,
    `week19`,
    `week20`,
    `week21`,
    `week22`,
    `week23`,
    `week24`,
    `week25`,
    `week26`,
    `week27`,
    `week28`,
    `week29`,
    `week30`,
    `week31`,
    `hol1`,
    `hol2`,
    `hol3`,
    `hol4`,
    `hol5`,
    `hol6`,
    `hol7`,
    `hol8`,
    `hol9`,
    `hol10`,
    `hol11`,
    `hol12`,
    `hol13`,
    `hol14`,
    `hol15`,
    `hol16`,
    `hol17`,
    `hol18`,
    `hol19`,
    `hol20`,
    `hol21`,
    `hol22`,
    `hol23`,
    `hol24`,
    `hol25`,
    `hol26`,
    `hol27`,
    `hol28`,
    `hol29`,
    `hol30`,
    `hol31`
  )
VALUES
  (1, '2026', '01', 1, 4, 5, 6, 7, 1, 2, 3, 4, 5, 6, 7, 1, 2, 3, 4, 5, 6, 7, 1, 2, 3, 4, 5, 6, 7, 1, 2, 3, 4, 5, 6, 1, 1, 1, 1, 2, 2, 2, 2, 2, 2, 2, 3, 3, 3, 3, 3, 3, 3, 4, 4, 4, 4, 4, 4, 4, 5, 5, 5, 5, 5, 5, 0, 0, 0, 0, 0, 0, 0, 0, 0, 0, 0, 0, 0, 0, 0, 0, 0, 0, 0, 0, 0, 0, 0, 0, 0, 0, 0, 0, 0, 0, 0);

-- --------------------------------------------------------
--
-- Table structure for table `tcneo_patterns`
--
DROP TABLE IF EXISTS `tcneo_patterns`;

CREATE TABLE IF NOT EXISTS `tcneo_patterns` (
  `id` int(11) NOT NULL AUTO_INCREMENT,
  `name` varchar(40) CHARACTER
  SET
    utf8 COLLATE utf8_general_ci DEFAULT NULL,
    `description` varchar(100) CHARACTER
  SET
    utf8 COLLATE utf8_general_ci NOT NULL DEFAULT '',
    `abs1` int(11) DEFAULT NULL,
    `abs2` int(11) DEFAULT NULL,
    `abs3` int(11) DEFAULT NULL,
    `abs4` int(11) DEFAULT NULL,
    `abs5` int(11) DEFAULT NULL,
    `abs6` int(11) DEFAULT NULL,
    `abs7` int(11) DEFAULT NULL,
    PRIMARY KEY (`id`)
) ENGINE = MyISAM AUTO_INCREMENT = 4 DEFAULT CHARSET = utf8 COLLATE = utf8_bin;

--
-- Dumping data for table `tcneo_patterns`
--
INSERT INTO
  `tcneo_patterns` (`id`, `name`, `description`, `abs1`, `abs2`, `abs3`, `abs4`, `abs5`, `abs6`, `abs7`)
VALUES
  (1, 'Home Office Mo We Fr', 'The official home office schedule for group A', 5, 0, 5, 0, 5, 0, 0),
  (2, 'Home Office Tu Th', 'The official home office schedule for group B', 0, 5, 0, 5, 0, 0, 0),
  (3, 'Training Week', '4 days of training - 1 day off', 7, 7, 7, 7, 3, 0, 0);

-- --------------------------------------------------------
--
-- Table structure for table `tcneo_permissions`
--
DROP TABLE IF EXISTS `tcneo_permissions`;

CREATE TABLE IF NOT EXISTS `tcneo_permissions` (
  `id` int(11) NOT NULL AUTO_INCREMENT,
  `scheme` varchar(80) CHARACTER
  SET
    utf8 COLLATE utf8_general_ci NOT NULL,
    `permission` varchar(40) CHARACTER
  SET
    utf8 COLLATE utf8_general_ci NOT NULL,
    `role` int(11) NOT NULL DEFAULT 1,
    `allowed` tinyint (1) NOT NULL DEFAULT 0,
    PRIMARY KEY (`id`),
    UNIQUE KEY `uk_scheme_permission_role` (`scheme`, `permission`, `role`),
    KEY `k_scheme` (`scheme`),
    KEY `k_permission` (`permission`)
) ENGINE = MyISAM AUTO_INCREMENT = 194 DEFAULT CHARSET = utf8 COLLATE = utf8_bin;

--
-- Dumping data for table `tcneo_permissions`
--
INSERT INTO `tcneo_permissions` (`scheme`, `permission`, `role`, `allowed`) VALUES
('Default', 'absenceedit', 1, 1),
('Default', 'absenceedit', 2, 0),
('Default', 'absenceedit', 3, 0),
('Default', 'absenceedit', 4, 0),
('Default', 'absenceedit', 5, 0),
('Default', 'absum', 1, 1),
('Default', 'absum', 2, 0),
('Default', 'absum', 3, 0),
('Default', 'absum', 4, 1),
('Default', 'absum', 5, 0),
('Default', 'admin', 1, 1),
('Default', 'admin', 2, 0),
('Default', 'admin', 3, 0),
('Default', 'admin', 4, 0),
('Default', 'admin', 5, 0),
('Default', 'attachments', 1, 1),
('Default', 'attachments', 2, 1),
('Default', 'attachments', 3, 0),
('Default', 'calendaredit', 1, 1),
('Default', 'calendaredit', 2, 1),
('Default', 'calendaredit', 3, 0),
('Default', 'calendaredit', 4, 1),
('Default', 'calendaredit', 5, 1),
('Default', 'calendareditall', 1, 1),
('Default', 'calendareditall', 2, 0),
('Default', 'calendareditall', 3, 0),
('Default', 'calendareditall', 4, 0),
('Default', 'calendareditall', 5, 0),
('Default', 'calendareditgroup', 1, 1),
('Default', 'calendareditgroup', 2, 0),
('Default', 'calendareditgroup', 3, 0),
('Default', 'calendareditgroup', 4, 0),
('Default', 'calendareditgroup', 5, 0),
('Default', 'calendareditgroupmanaged', 1, 1),
('Default', 'calendareditgroupmanaged', 2, 0),
('Default', 'calendareditgroupmanaged', 3, 0),
('Default', 'calendareditgroupmanaged', 4, 1),
('Default', 'calendareditgroupmanaged', 5, 0),
('Default', 'calendareditown', 1, 1),
('Default', 'calendareditown', 2, 1),
('Default', 'calendareditown', 3, 0),
('Default', 'calendareditown', 4, 1),
('Default', 'calendareditown', 5, 0),
('Default', 'calendaroptions', 1, 1),
('Default', 'calendaroptions', 2, 0),
('Default', 'calendaroptions', 3, 0),
('Default', 'calendaroptions', 4, 1),
('Default', 'calendaroptions', 5, 0),
('Default', 'calendarview', 1, 1),
('Default', 'calendarview', 2, 1),
('Default', 'calendarview', 3, 1),
('Default', 'calendarview', 4, 1),
('Default', 'calendarview', 5, 0),
('Default', 'calendarviewall', 1, 1),
('Default', 'calendarviewall', 2, 0),
('Default', 'calendarviewall', 3, 0),
('Default', 'calendarviewall', 4, 1),
('Default', 'calendarviewall', 5, 0),
('Default', 'calendarviewgroup', 1, 1),
('Default', 'calendarviewgroup', 2, 1),
('Default', 'calendarviewgroup', 3, 0),
('Default', 'calendarviewgroup', 4, 1),
('Default', 'calendarviewgroup', 5, 0),
('Default', 'daynote', 1, 1),
('Default', 'daynote', 2, 1),
('Default', 'daynote', 3, 0),
('Default', 'daynote', 4, 1),
('Default', 'daynote', 5, 1),
('Default', 'daynoteglobal', 1, 1),
('Default', 'daynoteglobal', 2, 0),
('Default', 'daynoteglobal', 3, 0),
('Default', 'daynoteglobal', 4, 1),
('Default', 'daynoteglobal', 5, 0),
('Default', 'declination', 1, 1),
('Default', 'declination', 2, 0),
('Default', 'declination', 3, 0),
('Default', 'declination', 4, 1),
('Default', 'declination', 5, 0),
('Default', 'groupcalendaredit', 1, 1),
('Default', 'groupcalendaredit', 2, 0),
('Default', 'groupcalendaredit', 3, 0),
('Default', 'groupcalendaredit', 4, 0),
('Default', 'groupcalendaredit', 5, 0),
('Default', 'groupmemberships', 1, 1),
('Default', 'groupmemberships', 2, 0),
('Default', 'groupmemberships', 3, 0),
('Default', 'groupmemberships', 4, 1),
('Default', 'groupmemberships', 5, 0),
('Default', 'groups', 1, 1),
('Default', 'groups', 2, 0),
('Default', 'groups', 3, 0),
('Default', 'groups', 4, 0),
('Default', 'groups', 5, 0),
('Default', 'holidays', 1, 1),
('Default', 'holidays', 2, 0),
('Default', 'holidays', 3, 0),
('Default', 'holidays', 4, 1),
('Default', 'holidays', 5, 0),
('Default', 'manageronlyabsences', 1, 1),
('Default', 'manageronlyabsences', 2, 0),
('Default', 'manageronlyabsences', 3, 0),
('Default', 'manageronlyabsences', 4, 1),
('Default', 'manageronlyabsences', 5, 0),
('Default', 'messageedit', 1, 1),
('Default', 'messageedit', 2, 1),
('Default', 'messageedit', 3, 0),
('Default', 'messageedit', 4, 1),
('Default', 'messageedit', 5, 1),
('Default', 'messageview', 1, 1),
('Default', 'messageview', 2, 1),
('Default', 'messageview', 3, 0),
('Default', 'messageview', 4, 1),
('Default', 'messageview', 5, 1),
('Default', 'patternedit', 1, 1),
('Default', 'patternedit', 2, 0),
('Default', 'patternedit', 3, 0),
('Default', 'patternedit', 4, 1),
('Default', 'patternedit', 5, 0),
('Default', 'regions', 1, 1),
('Default', 'regions', 2, 0),
('Default', 'regions', 3, 0),
('Default', 'regions', 4, 1),
('Default', 'regions', 5, 0),
('Default', 'remainder', 1, 1),
('Default', 'remainder', 2, 0),
('Default', 'remainder', 3, 0),
('Default', 'remainder', 4, 1),
('Default', 'remainder', 5, 0),
('Default', 'roles', 1, 1),
('Default', 'roles', 2, 0),
('Default', 'roles', 3, 0),
('Default', 'roles', 4, 0),
('Default', 'roles', 5, 0),
('Default', 'statistics', 1, 1),
('Default', 'statistics', 2, 0),
('Default', 'statistics', 3, 0),
('Default', 'statistics', 4, 1),
('Default', 'statistics', 5, 0),
('Default', 'upload', 1, 1),
('Default', 'upload', 2, 0),
('Default', 'upload', 3, 0),
('Default', 'upload', 4, 1),
('Default', 'upload', 5, 0),
('Default', 'userabsences', 1, 1),
('Default', 'userabsences', 2, 0),
('Default', 'userabsences', 3, 0),
('Default', 'userabsences', 4, 1),
('Default', 'userabsences', 5, 0),
('Default', 'useraccount', 1, 1),
('Default', 'useraccount', 2, 0),
('Default', 'useraccount', 3, 0),
('Default', 'useraccount', 4, 0),
('Default', 'useraccount', 5, 0),
('Default', 'userallowance', 1, 1),
('Default', 'userallowance', 2, 0),
('Default', 'userallowance', 3, 0),
('Default', 'userallowance', 4, 1),
('Default', 'userallowance', 5, 0),
('Default', 'useravatar', 1, 1),
('Default', 'useravatar', 2, 1),
('Default', 'useravatar', 3, 0),
('Default', 'useravatar', 4, 1),
('Default', 'useravatar', 5, 1),
('Default', 'usercustom', 1, 1),
('Default', 'usercustom', 2, 0),
('Default', 'usercustom', 3, 0),
('Default', 'usercustom', 4, 0),
('Default', 'usercustom', 5, 0),
('Default', 'useredit', 1, 1),
('Default', 'useredit', 2, 0),
('Default', 'useredit', 3, 0),
('Default', 'useredit', 4, 0),
('Default', 'useredit', 5, 0),
('Default', 'usergroups', 1, 1),
('Default', 'usergroups', 2, 1),
('Default', 'usergroups', 3, 0),
('Default', 'usergroups', 4, 1),
('Default', 'usergroups', 5, 1),
('Default', 'usernotifications', 1, 1),
('Default', 'usernotifications', 2, 1),
('Default', 'usernotifications', 3, 0),
('Default', 'usernotifications', 4, 1),
('Default', 'usernotifications', 5, 1),
('Default', 'useroptions', 1, 1),
('Default', 'useroptions', 2, 1),
('Default', 'useroptions', 3, 0),
('Default', 'useroptions', 4, 1),
('Default', 'useroptions', 5, 1),
('Default', 'viewprofile', 1, 1),
('Default', 'viewprofile', 2, 1),
('Default', 'viewprofile', 3, 0),
('Default', 'viewprofile', 4, 1),
('Default', 'viewprofile', 5, 1);

-- --------------------------------------------------------
--
-- Table structure for table `tcneo_regions`
--
DROP TABLE IF EXISTS `tcneo_regions`;

CREATE TABLE IF NOT EXISTS `tcneo_regions` (
  `id` int(11) NOT NULL AUTO_INCREMENT,
  `name` varchar(40) CHARACTER
  SET
    utf8 COLLATE utf8_general_ci NOT NULL DEFAULT '',
    `description` varchar(100) CHARACTER
  SET
    utf8 COLLATE utf8_general_ci NOT NULL DEFAULT '',
    PRIMARY KEY (`id`),
    KEY `k_name` (`name`)
) ENGINE = MyISAM AUTO_INCREMENT = 4 DEFAULT CHARSET = utf8 COLLATE = utf8_bin;

--
-- Dumping data for table `tcneo_regions`
--
INSERT INTO
  `tcneo_regions` (`id`, `name`, `description`)
VALUES
  (1, 'Default', 'Default Region'),
  (2, 'Canada', 'Canada Region'),
  (3, 'Germany', 'Germany Region');

-- --------------------------------------------------------
--
-- Table structure for table `tcneo_region_role`
--
DROP TABLE IF EXISTS `tcneo_region_role`;

CREATE TABLE IF NOT EXISTS `tcneo_region_role` (
  `id` int(11) NOT NULL AUTO_INCREMENT,
  `regionid` int(11) NOT NULL,
  `roleid` int(11) NOT NULL,
  `access` varchar(4) CHARACTER
  SET
    utf8 COLLATE utf8_general_ci DEFAULT 'edit',
    PRIMARY KEY (`id`)
) ENGINE = MyISAM DEFAULT CHARSET = utf8 COLLATE = utf8_bin;

-- --------------------------------------------------------
--
-- Table structure for table `tcneo_roles`
--
DROP TABLE IF EXISTS `tcneo_roles`;

CREATE TABLE IF NOT EXISTS `tcneo_roles` (
  `id` int(11) NOT NULL AUTO_INCREMENT,
  `name` varchar(40) CHARACTER
  SET
    utf8 COLLATE utf8_general_ci NOT NULL DEFAULT '',
    `description` varchar(100) CHARACTER
  SET
    utf8 COLLATE utf8_general_ci NOT NULL DEFAULT '',
    `color` varchar(40) CHARACTER
  SET
    utf8 COLLATE utf8_general_ci NOT NULL DEFAULT 'default',
    `created` timestamp NOT NULL DEFAULT current_timestamp(),
    `updated` timestamp NOT NULL DEFAULT current_timestamp() ON UPDATE current_timestamp(),
    PRIMARY KEY (`id`),
    UNIQUE KEY `uk_name` (`name`)
) ENGINE = MyISAM AUTO_INCREMENT = 6 DEFAULT CHARSET = utf8 COLLATE = utf8_bin;

--
-- Dumping data for table `tcneo_roles`
--
INSERT INTO
  `tcneo_roles` (`id`, `name`, `description`, `color`, `created`, `updated`)
VALUES
  (1, 'Administrator', 'Application administrator', 'danger', '2026-02-01 18:11:39', '2026-02-01 18:11:39'),
  (2, 'User', 'Standard role for logged in users', 'primary', '2026-02-01 18:11:39', '2026-02-01 18:11:39'),
  (3, 'Public', 'All users not logged in', 'secondary', '2026-02-01 18:11:39', '2026-02-01 18:11:39'),
  (4, 'Manager', 'Group manager role', 'warning', '2026-08-01 06:32:01', '2026-08-01 06:32:10'),
  (5, 'Instructor', 'Instructor role', 'success', '2026-08-01 06:34:15', '2026-08-01 06:34:15');

-- --------------------------------------------------------
--
-- Table structure for table `tcneo_templates`
--
DROP TABLE IF EXISTS `tcneo_templates`;

CREATE TABLE IF NOT EXISTS `tcneo_templates` (
  `id` int(11) NOT NULL AUTO_INCREMENT,
  `username` varchar(40) CHARACTER
  SET
    utf8 COLLATE utf8_general_ci DEFAULT NULL,
    `year` varchar(4) CHARACTER
  SET
    utf8 COLLATE utf8_general_ci DEFAULT NULL,
    `month` char(2) CHARACTER
  SET
    utf8 COLLATE utf8_general_ci DEFAULT NULL,
    `abs1` int(11) DEFAULT NULL,
    `abs2` int(11) DEFAULT NULL,
    `abs3` int(11) DEFAULT NULL,
    `abs4` int(11) DEFAULT NULL,
    `abs5` int(11) DEFAULT NULL,
    `abs6` int(11) DEFAULT NULL,
    `abs7` int(11) DEFAULT NULL,
    `abs8` int(11) DEFAULT NULL,
    `abs9` int(11) DEFAULT NULL,
    `abs10` int(11) DEFAULT NULL,
    `abs11` int(11) DEFAULT NULL,
    `abs12` int(11) DEFAULT NULL,
    `abs13` int(11) DEFAULT NULL,
    `abs14` int(11) DEFAULT NULL,
    `abs15` int(11) DEFAULT NULL,
    `abs16` int(11) DEFAULT NULL,
    `abs17` int(11) DEFAULT NULL,
    `abs18` int(11) DEFAULT NULL,
    `abs19` int(11) DEFAULT NULL,
    `abs20` int(11) DEFAULT NULL,
    `abs21` int(11) DEFAULT NULL,
    `abs22` int(11) DEFAULT NULL,
    `abs23` int(11) DEFAULT NULL,
    `abs24` int(11) DEFAULT NULL,
    `abs25` int(11) DEFAULT NULL,
    `abs26` int(11) DEFAULT NULL,
    `abs27` int(11) DEFAULT NULL,
    `abs28` int(11) DEFAULT NULL,
    `abs29` int(11) DEFAULT NULL,
    `abs30` int(11) DEFAULT NULL,
    `abs31` int(11) DEFAULT NULL,
    PRIMARY KEY (`id`),
    UNIQUE KEY `uk_username_year_month` (`username`, `year`, `month`),
    KEY `k_username` (`username`)
) ENGINE = MyISAM AUTO_INCREMENT = 1 DEFAULT CHARSET = utf8 COLLATE = utf8_bin;

﻿--
-- Dumping data for table `tcneo_log`
--

INSERT INTO `tcneo_log` (`type`, `timestamp`, `ip`, `user`, `event`) VALUES
('logMessage', '2026-01-01 00:06:25', '127.0.0.1', 'cyeager', 'Profile updated'),
('logLogin', '2026-01-01 01:59:52', '127.0.0.1', 'mcourie', 'Config updated'),
('logPermission', '2026-01-01 02:14:33', '127.0.0.1', 'richthofen', 'Login successful'),
('logMonth', '2026-01-01 08:10:34', '127.0.0.1', 'hermes', 'Profile updated'),
('logPattern', '2026-01-01 08:20:30', '127.0.0.1', 'athene', 'Database optimized'),
('logRole', '2026-01-01 11:11:34', '127.0.0.1', 'athene', 'User added'),
('logPattern', '2026-01-01 12:37:41', '127.0.0.1', 'inewton', 'Config updated'),
('logGroup', '2026-01-01 12:54:10', '127.0.0.1', 'jmarple', 'Login successful'),
('logRole', '2026-01-01 15:06:30', '127.0.0.1', 'admin', 'Config updated'),
('logDatabase', '2026-01-01 16:11:16', '127.0.0.1', 'alupin', 'Login successful'),
('logImport', '2026-01-01 17:28:01', '127.0.0.1', 'inewton', 'User added'),
('logImport', '2026-01-01 19:19:20', '127.0.0.1', 'cyeager', 'Logout'),
('logDatabase', '2026-01-02 01:00:50', '127.0.0.1', 'jmarple', 'Logout'),
('logPermission', '2026-01-02 04:25:26', '127.0.0.1', 'einstein', 'Config updated'),
('logPermission', '2026-01-02 05:26:45', '127.0.0.1', 'aearhart', 'Config updated'),
('logRegion', '2026-01-02 07:01:50', '127.0.0.1', 'admin', 'Calendar changed'),
('logCalendarOptions', '2026-01-02 09:06:35', '127.0.0.1', 'einstein', 'Database optimized'),
('logDaynote', '2026-01-02 15:11:02', '127.0.0.1', 'sherlock', 'Profile updated'),
('logDatabase', '2026-01-02 19:08:41', '127.0.0.1', 'hermes', 'Database optimized'),
('logUpload', '2026-01-03 00:07:16', '127.0.0.1', 'zeuss', 'Login successful'),
('logPattern', '2026-01-03 01:16:28', '127.0.0.1', 'jmarple', 'Login successful'),
('logRegistration', '2026-01-03 01:43:17', '127.0.0.1', 'cyeager', 'Calendar changed'),
('logConfig', '2026-01-03 02:30:06', '127.0.0.1', 'jmarple', 'Profile updated'),
('logUpload', '2026-01-03 08:47:57', '127.0.0.1', 'zeuss', 'Logout'),
('logLog', '2026-01-03 09:17:37', '127.0.0.1', 'zeuss', 'Logout'),
('logUpload', '2026-01-03 12:30:27', '127.0.0.1', 'sherlock', 'Calendar changed'),
('logLogin', '2026-01-03 19:22:22', '127.0.0.1', 'athene', 'Logout'),
('logLog', '2026-01-03 19:40:38', '127.0.0.1', 'sherlock', 'Login successful'),
('logRegion', '2026-01-03 19:53:45', '127.0.0.1', 'alupin', 'Login successful'),
('logLog', '2026-01-04 00:48:14', '127.0.0.1', 'einstein', 'User added'),
('logCalendarOptions', '2026-01-04 01:30:34', '127.0.0.1', 'athene', 'Database optimized'),
('logLogin', '2026-01-04 02:03:05', '127.0.0.1', 'cyeager', 'Database optimized'),
('logPermission', '2026-01-04 03:27:29', '127.0.0.1', 'sherlock', 'Profile updated'),
('logLog', '2026-01-04 05:47:47', '127.0.0.1', 'mcourie', 'Config updated'),
('logDaynote', '2026-01-04 06:50:08', '127.0.0.1', 'sherlock', 'Logout'),
('logRegion', '2026-01-04 08:30:12', '127.0.0.1', 'mcourie', 'User added'),
('logRegistration', '2026-01-04 18:19:52', '127.0.0.1', 'aearhart', 'Login successful'),
('logUser', '2026-01-04 20:29:19', '127.0.0.1', 'aearhart', 'Login successful'),
('logLogin', '2026-01-04 22:18:32', '127.0.0.1', 'zeuss', 'Login successful'),
('logUser', '2026-01-05 02:18:39', '127.0.0.1', 'zeuss', 'User added'),
('logLogin', '2026-01-05 02:36:46', '127.0.0.1', 'mcourie', 'Calendar changed'),
('logCalendar', '2026-01-05 04:37:34', '127.0.0.1', 'zeuss', 'Database optimized'),
('logConfig', '2026-01-05 05:04:23', '127.0.0.1', 'sherlock', 'Logout'),
('logMonth', '2026-01-05 07:37:50', '127.0.0.1', 'hermes', 'User added'),
('logCalendarOptions', '2026-01-05 10:59:27', '127.0.0.1', 'mcourie', 'Config updated'),
('logImport', '2026-01-05 12:00:36', '127.0.0.1', 'inewton', 'Login successful'),
('logMonth', '2026-01-05 12:24:43', '127.0.0.1', 'inewton', 'User added'),
('logRegistration', '2026-01-05 15:56:17', '127.0.0.1', 'richthofen', 'Profile updated'),
('logImport', '2026-01-05 17:43:01', '127.0.0.1', 'richthofen', 'Database optimized'),
('logDaynote', '2026-01-05 22:40:30', '127.0.0.1', 'aearhart', 'Database optimized'),
('logLog', '2026-01-05 23:15:14', '127.0.0.1', 'cyeager', 'Calendar changed'),
('logLogin', '2026-01-06 01:15:35', '127.0.0.1', 'einstein', 'Login successful'),
('logMonth', '2026-01-06 01:18:07', '127.0.0.1', 'admin', 'Logout'),
('logMessage', '2026-01-06 03:47:32', '127.0.0.1', 'jmarple', 'User added'),
('logUpload', '2026-01-06 06:30:26', '127.0.0.1', 'cyeager', 'Database optimized'),
('logGroup', '2026-01-06 10:08:12', '127.0.0.1', 'athene', 'Profile updated'),
('logUpload', '2026-01-06 11:16:07', '127.0.0.1', 'mcourie', 'Login successful'),
('logRole', '2026-01-06 11:19:52', '127.0.0.1', 'jmarple', 'User added'),
('logPattern', '2026-01-06 13:31:00', '127.0.0.1', 'sherlock', 'Database optimized'),
('logRegistration', '2026-01-06 23:19:45', '127.0.0.1', 'sherlock', 'Database optimized'),
('logUser', '2026-01-06 23:59:19', '127.0.0.1', 'sherlock', 'Calendar changed'),
('logConfig', '2026-01-07 00:15:42', '127.0.0.1', 'jmarple', 'Logout'),
('logConfig', '2026-01-07 06:04:08', '127.0.0.1', 'hermes', 'Calendar changed'),
('logUpload', '2026-01-07 11:56:00', '127.0.0.1', 'sherlock', 'Login successful'),
('logLog', '2026-01-07 14:21:45', '127.0.0.1', 'sherlock', 'Logout'),
('logCalendarOptions', '2026-01-07 14:54:27', '127.0.0.1', 'admin', 'Database optimized'),
('logPermission', '2026-01-07 15:11:46', '127.0.0.1', 'aearhart', 'Calendar changed'),
('logImport', '2026-01-07 23:41:45', '127.0.0.1', 'admin', 'Config updated'),
('logUser', '2026-01-08 00:22:18', '127.0.0.1', 'hermes', 'Profile updated'),
('logDaynote', '2026-01-08 00:32:53', '127.0.0.1', 'mcourie', 'Login successful'),
('logConfig', '2026-01-08 00:52:48', '127.0.0.1', 'hermes', 'User added'),
('logMonth', '2026-01-08 04:00:35', '127.0.0.1', 'mcourie', 'Login successful'),
('logGroup', '2026-01-08 04:14:58', '127.0.0.1', 'inewton', 'Login successful'),
('logUser', '2026-01-08 05:40:20', '127.0.0.1', 'jmarple', 'Calendar changed'),
('logDatabase', '2026-01-08 06:59:34', '127.0.0.1', 'cyeager', 'Profile updated'),
('logCalendar', '2026-01-08 07:18:56', '127.0.0.1', 'alupin', 'Database optimized'),
('logCalendarOptions', '2026-01-08 10:12:32', '127.0.0.1', 'einstein', 'User added'),
('logRole', '2026-01-08 10:23:13', '127.0.0.1', 'admin', 'Calendar changed'),
('logPattern', '2026-01-08 10:59:08', '127.0.0.1', 'athene', 'Database optimized'),
('logGroup', '2026-01-08 15:35:24', '127.0.0.1', 'zeuss', 'Calendar changed'),
('logMessage', '2026-01-08 16:39:14', '127.0.0.1', 'einstein', 'Config updated'),
('logImport', '2026-01-08 16:45:02', '127.0.0.1', 'hermes', 'Logout'),
('logUpload', '2026-01-08 16:59:24', '127.0.0.1', 'jmarple', 'Calendar changed'),
('logRegion', '2026-01-08 17:00:39', '127.0.0.1', 'einstein', 'Profile updated'),
('logCalendar', '2026-01-08 18:54:21', '127.0.0.1', 'aearhart', 'Login successful'),
('logCalendarOptions', '2026-01-08 20:42:35', '127.0.0.1', 'jmarple', 'Profile updated'),
('logImport', '2026-01-08 22:20:56', '127.0.0.1', 'alupin', 'User added'),
('logDatabase', '2026-01-09 00:04:16', '127.0.0.1', 'zeuss', 'Database optimized'),
('logUser', '2026-01-09 00:16:46', '127.0.0.1', 'einstein', 'User added'),
('logMonth', '2026-01-09 00:37:27', '127.0.0.1', 'richthofen', 'Logout'),
('logGroup', '2026-01-09 01:40:02', '127.0.0.1', 'alupin', 'Database optimized'),
('logPermission', '2026-01-09 05:08:15', '127.0.0.1', 'inewton', 'Login successful'),
('logCalendar', '2026-01-09 11:12:54', '127.0.0.1', 'athene', 'Database optimized'),
('logLog', '2026-01-09 15:00:41', '127.0.0.1', 'sherlock', 'Calendar changed'),
('logGroup', '2026-01-09 18:58:35', '127.0.0.1', 'sherlock', 'User added'),
('logRegistration', '2026-01-09 19:01:42', '127.0.0.1', 'admin', 'Calendar changed'),
('logUser', '2026-01-09 23:51:10', '127.0.0.1', 'richthofen', 'Login successful'),
('logLog', '2026-01-10 01:50:47', '127.0.0.1', 'zeuss', 'Profile updated'),
('logCalendarOptions', '2026-01-10 04:16:32', '127.0.0.1', 'cyeager', 'Logout'),
('logCalendarOptions', '2026-01-10 05:49:54', '127.0.0.1', 'athene', 'Logout'),
('logPattern', '2026-01-10 09:27:00', '127.0.0.1', 'athene', 'Calendar changed'),
('logMessage', '2026-01-10 09:48:57', '127.0.0.1', 'sherlock', 'Login successful'),
('logImport', '2026-01-10 09:51:50', '127.0.0.1', 'zeuss', 'Calendar changed'),
('logRegistration', '2026-01-10 14:58:32', '127.0.0.1', 'hermes', 'Calendar changed'),
('logUpload', '2026-01-10 15:22:03', '127.0.0.1', 'hermes', 'Database optimized'),
('logGroup', '2026-01-10 15:43:35', '127.0.0.1', 'cyeager', 'Logout'),
('logCalendar', '2026-01-10 18:53:11', '127.0.0.1', 'mcourie', 'Login successful'),
('logMonth', '2026-01-10 23:09:35', '127.0.0.1', 'richthofen', 'Config updated'),
('logMonth', '2026-01-11 05:00:53', '127.0.0.1', 'alupin', 'Profile updated'),
('logMonth', '2026-01-11 05:03:39', '127.0.0.1', 'admin', 'Logout'),
('logRegistration', '2026-01-11 09:44:43', '127.0.0.1', 'einstein', 'Database optimized'),
('logLogin', '2026-01-11 23:36:54', '127.0.0.1', 'athene', 'User added'),
('logConfig', '2026-01-11 23:52:36', '127.0.0.1', 'einstein', 'Profile updated'),
('logMessage', '2026-01-12 06:51:27', '127.0.0.1', 'einstein', 'Login successful'),
('logRegion', '2026-01-12 07:44:56', '127.0.0.1', 'zeuss', 'Database optimized'),
('logUpload', '2026-01-12 08:54:56', '127.0.0.1', 'admin', 'Logout'),
('logUser', '2026-01-12 10:24:06', '127.0.0.1', 'admin', 'User added'),
('logPermission', '2026-01-12 11:32:49', '127.0.0.1', 'sherlock', 'Calendar changed'),
('logRole', '2026-01-12 13:13:12', '127.0.0.1', 'aearhart', 'Database optimized'),
('logDaynote', '2026-01-12 18:26:34', '127.0.0.1', 'alupin', 'Calendar changed'),
('logRole', '2026-01-12 20:12:05', '127.0.0.1', 'zeuss', 'Calendar changed'),
('logDaynote', '2026-01-12 23:18:14', '127.0.0.1', 'alupin', 'Login successful'),
('logLog', '2026-01-13 02:10:53', '127.0.0.1', 'athene', 'Calendar changed'),
('logCalendarOptions', '2026-01-13 07:30:43', '127.0.0.1', 'admin', 'Calendar changed'),
('logRole', '2026-01-13 09:14:13', '127.0.0.1', 'admin', 'Profile updated'),
('logUser', '2026-01-13 10:56:27', '127.0.0.1', 'mcourie', 'Profile updated'),
('logCalendarOptions', '2026-01-13 12:09:32', '127.0.0.1', 'alupin', 'Database optimized'),
('logDaynote', '2026-01-13 12:35:26', '127.0.0.1', 'inewton', 'Profile updated'),
('logImport', '2026-01-13 16:43:30', '127.0.0.1', 'alupin', 'Profile updated'),
('logDaynote', '2026-01-13 17:31:36', '127.0.0.1', 'einstein', 'Logout'),
('logLogin', '2026-01-13 19:08:54', '127.0.0.1', 'aearhart', 'Database optimized'),
('logGroup', '2026-01-13 19:42:24', '127.0.0.1', 'hermes', 'Database optimized'),
('logMessage', '2026-01-14 00:30:21', '127.0.0.1', 'aearhart', 'Config updated'),
('logUser', '2026-01-14 04:21:07', '127.0.0.1', 'richthofen', 'Logout'),
('logLogin', '2026-01-14 06:59:11', '127.0.0.1', 'sherlock', 'Login successful'),
('logLog', '2026-01-14 07:36:24', '127.0.0.1', 'richthofen', 'Logout'),
('logCalendarOptions', '2026-01-14 08:46:06', '127.0.0.1', 'aearhart', 'Database optimized'),
('logRole', '2026-01-14 09:39:16', '127.0.0.1', 'admin', 'User added'),
('logMonth', '2026-01-14 15:19:44', '127.0.0.1', 'einstein', 'Login successful'),
('logImport', '2026-01-14 16:56:52', '127.0.0.1', 'aearhart', 'Config updated'),
('logLogin', '2026-01-15 00:49:55', '127.0.0.1', 'athene', 'Config updated'),
('logGroup', '2026-01-15 09:17:31', '127.0.0.1', 'athene', 'Logout'),
('logUpload', '2026-01-15 09:19:27', '127.0.0.1', 'hermes', 'Logout'),
('logConfig', '2026-01-15 11:43:27', '127.0.0.1', 'mcourie', 'User added'),
('logRole', '2026-01-15 12:38:07', '127.0.0.1', 'jmarple', 'Calendar changed'),
('logRole', '2026-01-15 14:03:23', '127.0.0.1', 'sherlock', 'Calendar changed'),
('logCalendarOptions', '2026-01-15 14:48:48', '127.0.0.1', 'hermes', 'Calendar changed'),
('logRegistration', '2026-01-15 15:21:15', '127.0.0.1', 'sherlock', 'Profile updated'),
('logCalendar', '2026-01-15 20:01:20', '127.0.0.1', 'sherlock', 'Login successful'),
('logRegistration', '2026-01-15 21:32:31', '127.0.0.1', 'jmarple', 'Profile updated'),
('logRegistration', '2026-01-16 00:42:57', '127.0.0.1', 'hermes', 'Profile updated'),
('logRegion', '2026-01-16 01:31:59', '127.0.0.1', 'alupin', 'Login successful'),
('logConfig', '2026-01-16 03:15:27', '127.0.0.1', 'jmarple', 'Login successful'),
('logMonth', '2026-01-16 09:30:26', '127.0.0.1', 'hermes', 'Config updated'),
('logRole', '2026-01-16 10:14:26', '127.0.0.1', 'mcourie', 'Login successful'),
('logLogin', '2026-01-16 10:44:57', '127.0.0.1', 'hermes', 'Logout'),
('logCalendarOptions', '2026-01-16 16:56:53', '127.0.0.1', 'sherlock', 'User added'),
('logUpload', '2026-01-16 23:26:07', '127.0.0.1', 'athene', 'Logout'),
('logPermission', '2026-01-16 23:44:57', '127.0.0.1', 'mcourie', 'Calendar changed'),
('logMessage', '2026-01-17 00:40:31', '127.0.0.1', 'zeuss', 'Profile updated'),
('logDatabase', '2026-01-17 01:05:49', '127.0.0.1', 'jmarple', 'Login successful'),
('logGroup', '2026-01-17 01:18:24', '127.0.0.1', 'sherlock', 'Calendar changed'),
('logDatabase', '2026-01-17 01:43:56', '127.0.0.1', 'cyeager', 'Profile updated'),
('logMessage', '2026-01-17 04:25:57', '127.0.0.1', 'hermes', 'Login successful'),
('logPattern', '2026-01-17 04:27:29', '127.0.0.1', 'cyeager', 'Profile updated'),
('logRegion', '2026-01-17 06:39:09', '127.0.0.1', 'aearhart', 'Config updated'),
('logDaynote', '2026-01-17 08:50:43', '127.0.0.1', 'hermes', 'Database optimized'),
('logDatabase', '2026-01-17 12:33:01', '127.0.0.1', 'jmarple', 'Login successful'),
('logLog', '2026-01-17 19:38:21', '127.0.0.1', 'jmarple', 'Profile updated'),
('logRole', '2026-01-17 22:45:41', '127.0.0.1', 'zeuss', 'Config updated'),
('logRegistration', '2026-01-18 03:59:48', '127.0.0.1', 'athene', 'Login successful'),
('logUser', '2026-01-18 05:31:00', '127.0.0.1', 'hermes', 'Config updated'),
('logConfig', '2026-01-18 05:46:48', '127.0.0.1', 'sherlock', 'Profile updated'),
('logCalendar', '2026-01-18 11:10:11', '127.0.0.1', 'admin', 'Login successful'),
('logRegistration', '2026-01-18 11:26:15', '127.0.0.1', 'richthofen', 'Config updated'),
('logGroup', '2026-01-18 12:35:15', '127.0.0.1', 'zeuss', 'Database optimized'),
('logDatabase', '2026-01-18 12:50:09', '127.0.0.1', 'einstein', 'Calendar changed'),
('logRegistration', '2026-01-18 13:36:46', '127.0.0.1', 'cyeager', 'Profile updated'),
('logRegistration', '2026-01-18 18:20:12', '127.0.0.1', 'zeuss', 'User added'),
('logDatabase', '2026-01-18 19:05:24', '127.0.0.1', 'alupin', 'Config updated'),
('logRegistration', '2026-01-18 19:17:13', '127.0.0.1', 'cyeager', 'User added'),
('logConfig', '2026-01-18 22:08:12', '127.0.0.1', 'athene', 'Logout'),
('logMessage', '2026-01-18 23:16:07', '127.0.0.1', 'sherlock', 'Logout'),
('logCalendar', '2026-01-19 03:03:57', '127.0.0.1', 'cyeager', 'User added'),
('logMonth', '2026-01-19 03:16:40', '127.0.0.1', 'cyeager', 'Login successful'),
('logConfig', '2026-01-19 03:28:00', '127.0.0.1', 'mcourie', 'User added'),
('logPermission', '2026-01-19 04:29:57', '127.0.0.1', 'einstein', 'Database optimized'),
('logLogin', '2026-01-19 08:07:11', '127.0.0.1', 'richthofen', 'Profile updated'),
('logRegistration', '2026-01-19 08:34:08', '127.0.0.1', 'einstein', 'Profile updated'),
('logUpload', '2026-01-19 12:47:54', '127.0.0.1', 'hermes', 'Database optimized'),
('logCalendarOptions', '2026-01-19 16:54:54', '127.0.0.1', 'inewton', 'Login successful'),
('logDaynote', '2026-01-19 17:56:14', '127.0.0.1', 'jmarple', 'Calendar changed'),
('logCalendarOptions', '2026-01-19 20:34:28', '127.0.0.1', 'hermes', 'Login successful'),
('logMonth', '2026-01-19 20:37:37', '127.0.0.1', 'richthofen', 'Logout'),
('logMonth', '2026-01-19 23:17:25', '127.0.0.1', 'sherlock', 'Login successful'),
('logUpload', '2026-01-20 00:38:10', '127.0.0.1', 'zeuss', 'Database optimized'),
('logDaynote', '2026-01-20 02:22:42', '127.0.0.1', 'einstein', 'User added'),
('logMonth', '2026-01-20 05:05:39', '127.0.0.1', 'richthofen', 'Config updated'),
('logDatabase', '2026-01-20 09:55:25', '127.0.0.1', 'hermes', 'Calendar changed'),
('logDatabase', '2026-01-20 11:17:22', '127.0.0.1', 'hermes', 'Logout'),
('logCalendar', '2026-01-20 11:52:12', '127.0.0.1', 'einstein', 'User added'),
('logCalendar', '2026-01-20 14:39:14', '127.0.0.1', 'jmarple', 'Calendar changed'),
('logCalendar', '2026-01-20 16:32:21', '127.0.0.1', 'aearhart', 'Config updated'),
('logLog', '2026-01-20 18:55:11', '127.0.0.1', 'zeuss', 'User added'),
('logCalendar', '2026-01-20 23:25:15', '127.0.0.1', 'sherlock', 'Database optimized'),
('logRegistration', '2026-01-21 09:01:41', '127.0.0.1', 'jmarple', 'Login successful'),
('logConfig', '2026-01-21 09:20:08', '127.0.0.1', 'cyeager', 'User added'),
('logRegistration', '2026-01-21 10:17:54', '127.0.0.1', 'mcourie', 'Login successful'),
('logMessage', '2026-01-21 13:12:16', '127.0.0.1', 'inewton', 'Calendar changed'),
('logMessage', '2026-01-21 16:35:22', '127.0.0.1', 'alupin', 'Logout'),
('logPattern', '2026-01-21 18:07:20', '127.0.0.1', 'athene', 'Logout'),
('logLog', '2026-01-21 19:34:25', '127.0.0.1', 'jmarple', 'Logout'),
('logMonth', '2026-01-21 21:07:53', '127.0.0.1', 'athene', 'User added'),
('logGroup', '2026-01-22 00:41:55', '127.0.0.1', 'zeuss', 'Config updated'),
('logRegion', '2026-01-22 05:56:44', '127.0.0.1', 'admin', 'Calendar changed'),
('logUpload', '2026-01-22 09:38:08', '127.0.0.1', 'jmarple', 'User added'),
('logLog', '2026-01-22 11:08:02', '127.0.0.1', 'jmarple', 'Login successful'),
('logRegion', '2026-01-22 17:27:49', '127.0.0.1', 'richthofen', 'Profile updated'),
('logConfig', '2026-01-22 19:04:46', '127.0.0.1', 'zeuss', 'Config updated'),
('logCalendar', '2026-01-22 20:21:58', '127.0.0.1', 'sherlock', 'Config updated'),
('logRegion', '2026-01-22 22:50:08', '127.0.0.1', 'jmarple', 'Login successful'),
('logLogin', '2026-01-23 04:35:06', '127.0.0.1', 'aearhart', 'Logout'),
('logDatabase', '2026-01-23 04:38:10', '127.0.0.1', 'aearhart', 'Calendar changed'),
('logUser', '2026-01-23 06:17:07', '127.0.0.1', 'mcourie', 'Calendar changed'),
('logGroup', '2026-01-23 06:48:37', '127.0.0.1', 'inewton', 'User added'),
('logImport', '2026-01-23 07:04:33', '127.0.0.1', 'zeuss', 'User added'),
('logLog', '2026-01-23 08:40:36', '127.0.0.1', 'sherlock', 'Login successful'),
('logDaynote', '2026-01-23 08:40:38', '127.0.0.1', 'einstein', 'Database optimized'),
('logLogin', '2026-01-23 11:51:35', '127.0.0.1', 'richthofen', 'Login successful'),
('logUpload', '2026-01-23 12:14:10', '127.0.0.1', 'aearhart', 'Profile updated'),
('logRegion', '2026-01-23 16:34:14', '127.0.0.1', 'alupin', 'Login successful'),
('logMessage', '2026-01-23 17:11:00', '127.0.0.1', 'richthofen', 'Login successful'),
('logUser', '2026-01-23 17:34:44', '127.0.0.1', 'sherlock', 'Calendar changed'),
('logLogin', '2026-01-23 19:12:36', '127.0.0.1', 'jmarple', 'Calendar changed'),
('logPermission', '2026-01-24 01:09:26', '127.0.0.1', 'admin', 'Logout'),
('logDatabase', '2026-01-24 02:10:48', '127.0.0.1', 'mcourie', 'Config updated'),
('logRegistration', '2026-01-24 04:14:25', '127.0.0.1', 'alupin', 'Logout'),
('logMonth', '2026-01-24 04:15:38', '127.0.0.1', 'athene', 'Profile updated'),
('logPermission', '2026-01-24 04:55:04', '127.0.0.1', 'inewton', 'Login successful'),
('logPattern', '2026-01-24 06:13:37', '127.0.0.1', 'einstein', 'Login successful'),
('logUpload', '2026-01-24 07:07:59', '127.0.0.1', 'hermes', 'User added'),
('logRegion', '2026-01-24 07:37:58', '127.0.0.1', 'mcourie', 'Calendar changed'),
('logLogin', '2026-01-24 08:06:33', '127.0.0.1', 'aearhart', 'User added'),
('logCalendarOptions', '2026-01-24 09:42:09', '127.0.0.1', 'cyeager', 'Config updated'),
('logMessage', '2026-01-24 19:36:58', '127.0.0.1', 'aearhart', 'Config updated'),
('logRegistration', '2026-01-24 19:44:36', '127.0.0.1', 'einstein', 'Config updated'),
('logCalendarOptions', '2026-01-24 22:48:59', '127.0.0.1', 'admin', 'Database optimized'),
('logImport', '2026-01-24 22:51:43', '127.0.0.1', 'aearhart', 'Config updated'),
('logGroup', '2026-01-25 03:08:18', '127.0.0.1', 'einstein', 'Login successful'),
('logDaynote', '2026-01-25 04:25:37', '127.0.0.1', 'inewton', 'Calendar changed'),
('logRegistration', '2026-01-25 04:26:13', '127.0.0.1', 'admin', 'Database optimized'),
('logCalendar', '2026-01-25 05:19:17', '127.0.0.1', 'einstein', 'Config updated'),
('logConfig', '2026-01-25 07:14:25', '127.0.0.1', 'einstein', 'User added'),
('logGroup', '2026-01-25 15:45:00', '127.0.0.1', 'inewton', 'User added'),
('logUpload', '2026-01-25 18:11:41', '127.0.0.1', 'alupin', 'Config updated'),
('logPermission', '2026-01-25 18:53:47', '127.0.0.1', 'inewton', 'Calendar changed'),
('logPermission', '2026-01-25 19:26:13', '127.0.0.1', 'hermes', 'User added'),
('logLogin', '2026-01-25 21:23:23', '127.0.0.1', 'jmarple', 'Login successful'),
('logPattern', '2026-01-26 00:38:57', '127.0.0.1', 'alupin', 'Profile updated'),
('logImport', '2026-01-26 00:49:00', '127.0.0.1', 'richthofen', 'Logout'),
('logPermission', '2026-01-26 01:21:40', '127.0.0.1', 'aearhart', 'Config updated'),
('logMonth', '2026-01-26 02:03:58', '127.0.0.1', 'hermes', 'Database optimized'),
('logMonth', '2026-01-26 06:10:52', '127.0.0.1', 'inewton', 'User added'),
('logMessage', '2026-01-26 06:34:48', '127.0.0.1', 'jmarple', 'User added'),
('logConfig', '2026-01-26 06:35:20', '127.0.0.1', 'hermes', 'Config updated'),
('logMessage', '2026-01-26 08:33:11', '127.0.0.1', 'jmarple', 'Login successful'),
('logRegistration', '2026-01-26 11:33:16', '127.0.0.1', 'mcourie', 'Database optimized'),
('logCalendarOptions', '2026-01-26 12:52:45', '127.0.0.1', 'admin', 'Database optimized'),
('logPermission', '2026-01-26 14:25:16', '127.0.0.1', 'athene', 'Profile updated'),
('logPermission', '2026-01-26 14:45:11', '127.0.0.1', 'cyeager', 'User added'),
('logLogin', '2026-01-26 17:18:57', '127.0.0.1', 'aearhart', 'Config updated'),
('logMessage', '2026-01-26 17:31:22', '127.0.0.1', 'richthofen', 'Calendar changed'),
('logGroup', '2026-01-26 18:26:46', '127.0.0.1', 'hermes', 'Database optimized'),
('logMonth', '2026-01-26 18:42:59', '127.0.0.1', 'einstein', 'Login successful'),
('logPermission', '2026-01-26 22:12:46', '127.0.0.1', 'richthofen', 'Calendar changed'),
('logMonth', '2026-01-27 03:01:32', '127.0.0.1', 'mcourie', 'Config updated'),
('logRegistration', '2026-01-27 07:08:22', '127.0.0.1', 'einstein', 'Database optimized'),
('logUser', '2026-01-27 08:05:37', '127.0.0.1', 'aearhart', 'Login successful'),
('logUpload', '2026-01-27 12:08:49', '127.0.0.1', 'zeuss', 'Login successful'),
('logRegistration', '2026-01-27 14:21:51', '127.0.0.1', 'jmarple', 'Profile updated'),
('logGroup', '2026-01-27 20:37:24', '127.0.0.1', 'sherlock', 'Login successful'),
('logLog', '2026-01-27 21:25:10', '127.0.0.1', 'einstein', 'Database optimized'),
('logDatabase', '2026-01-28 03:25:14', '127.0.0.1', 'admin', 'User added'),
('logRegistration', '2026-01-28 03:46:15', '127.0.0.1', 'jmarple', 'User added'),
('logMessage', '2026-01-28 05:09:10', '127.0.0.1', 'athene', 'Profile updated'),
('logRegistration', '2026-01-28 05:18:05', '127.0.0.1', 'richthofen', 'Config updated'),
('logDaynote', '2026-01-28 05:34:25', '127.0.0.1', 'sherlock', 'Logout'),
('logLog', '2026-01-28 06:07:29', '127.0.0.1', 'einstein', 'Calendar changed'),
('logUser', '2026-01-28 07:38:47', '127.0.0.1', 'hermes', 'Logout'),
('logDatabase', '2026-01-28 10:19:47', '127.0.0.1', 'aearhart', 'User added'),
('logRegistration', '2026-01-28 10:27:25', '127.0.0.1', 'einstein', 'Logout'),
('logDaynote', '2026-01-28 10:28:40', '127.0.0.1', 'alupin', 'Logout'),
('logDatabase', '2026-01-28 14:54:17', '127.0.0.1', 'cyeager', 'Calendar changed'),
('logMonth', '2026-01-28 15:08:11', '127.0.0.1', 'aearhart', 'Login successful'),
('logCalendarOptions', '2026-01-28 15:11:13', '127.0.0.1', 'einstein', 'Login successful'),
('logDaynote', '2026-01-28 16:26:17', '127.0.0.1', 'cyeager', 'Database optimized'),
('logUpload', '2026-01-28 17:35:06', '127.0.0.1', 'athene', 'Login successful'),
('logUser', '2026-01-28 18:51:50', '127.0.0.1', 'aearhart', 'Calendar changed'),
('logImport', '2026-01-28 20:11:25', '127.0.0.1', 'cyeager', 'Logout'),
('logLog', '2026-01-28 21:06:24', '127.0.0.1', 'richthofen', 'Login successful'),
('logCalendarOptions', '2026-01-28 23:53:50', '127.0.0.1', 'cyeager', 'Login successful'),
('logConfig', '2026-01-29 01:18:39', '127.0.0.1', 'aearhart', 'Database optimized'),
('logCalendarOptions', '2026-01-29 04:41:30', '127.0.0.1', 'jmarple', 'Logout'),
('logDaynote', '2026-01-29 05:25:46', '127.0.0.1', 'cyeager', 'Login successful'),
('logImport', '2026-01-29 06:57:55', '127.0.0.1', 'hermes', 'Calendar changed'),
('logLog', '2026-01-29 07:15:43', '127.0.0.1', 'richthofen', 'Profile updated'),
('logMessage', '2026-01-29 09:15:29', '127.0.0.1', 'inewton', 'Login successful'),
('logPermission', '2026-01-29 11:14:54', '127.0.0.1', 'richthofen', 'Profile updated'),
('logRegion', '2026-01-29 12:27:02', '127.0.0.1', 'einstein', 'Login successful'),
('logCalendar', '2026-01-29 13:14:48', '127.0.0.1', 'cyeager', 'Config updated'),
('logUpload', '2026-01-29 15:29:49', '127.0.0.1', 'mcourie', 'Config updated'),
('logLog', '2026-01-29 23:27:25', '127.0.0.1', 'aearhart', 'Database optimized'),
('logMonth', '2026-01-30 03:12:12', '127.0.0.1', 'mcourie', 'Config updated'),
('logUser', '2026-01-30 06:39:10', '127.0.0.1', 'einstein', 'Logout'),
('logUpload', '2026-01-30 07:12:50', '127.0.0.1', 'cyeager', 'User added'),
('logMonth', '2026-01-30 07:27:23', '127.0.0.1', 'aearhart', 'Database optimized'),
('logMessage', '2026-01-30 08:41:33', '127.0.0.1', 'einstein', 'Database optimized'),
('logPattern', '2026-01-30 08:47:52', '127.0.0.1', 'cyeager', 'Login successful'),
('logRole', '2026-01-30 09:58:30', '127.0.0.1', 'athene', 'Calendar changed'),
('logUpload', '2026-01-30 13:11:30', '127.0.0.1', 'alupin', 'Config updated'),
('logUser', '2026-01-30 14:31:10', '127.0.0.1', 'zeuss', 'Login successful'),
('logCalendar', '2026-01-30 15:37:54', '127.0.0.1', 'mcourie', 'Config updated'),
('logUser', '2026-01-30 20:03:23', '127.0.0.1', 'hermes', 'Login successful'),
('logCalendar', '2026-01-30 21:08:25', '127.0.0.1', 'richthofen', 'Profile updated'),
('logGroup', '2026-01-30 21:30:23', '127.0.0.1', 'inewton', 'Profile updated'),
('logDatabase', '2026-01-30 21:44:28', '127.0.0.1', 'jmarple', 'Login successful'),
('logUpload', '2026-01-31 04:48:22', '127.0.0.1', 'inewton', 'Profile updated'),
('logLogin', '2026-01-31 05:24:40', '127.0.0.1', 'athene', 'Profile updated'),
('logRegion', '2026-01-31 10:24:19', '127.0.0.1', 'sherlock', 'Database optimized'),
('logPermission', '2026-01-31 10:29:29', '127.0.0.1', 'zeuss', 'Logout'),
('logRegistration', '2026-01-31 10:45:44', '127.0.0.1', 'inewton', 'Database optimized'),
('logPermission', '2026-01-31 12:59:13', '127.0.0.1', 'inewton', 'Profile updated'),
('logLog', '2026-01-31 13:48:26', '127.0.0.1', 'zeuss', 'Calendar changed'),
('logPermission', '2026-01-31 16:52:57', '127.0.0.1', 'zeuss', 'Profile updated'),
('logCalendar', '2026-01-31 17:13:53', '127.0.0.1', 'richthofen', 'Config updated'),
('logCalendar', '2026-01-31 20:50:26', '127.0.0.1', 'richthofen', 'Profile updated'),
('logMessage', '2026-01-31 20:55:26', '127.0.0.1', 'alupin', 'Profile updated'),
('logDaynote', '2026-01-31 21:44:20', '127.0.0.1', 'richthofen', 'Calendar changed'),
('logRole', '2026-01-31 22:00:53', '127.0.0.1', 'jmarple', 'User added'),
('logPermission', '2026-02-01 00:01:25', '127.0.0.1', 'einstein', 'Calendar changed'),
('logGroup', '2026-02-01 01:12:09', '127.0.0.1', 'alupin', 'Database optimized'),
('logConfig', '2026-02-01 01:35:41', '127.0.0.1', 'admin', 'Database optimized'),
('logUpload', '2026-02-01 02:45:14', '127.0.0.1', 'zeuss', 'Logout'),
('logRegion', '2026-02-01 05:22:49', '127.0.0.1', 'mcourie', 'Calendar changed'),
('logPermission', '2026-02-01 07:02:50', '127.0.0.1', 'jmarple', 'Calendar changed'),
('logMonth', '2026-02-01 07:07:40', '127.0.0.1', 'admin', 'Profile updated'),
('logRegion', '2026-02-01 08:03:37', '127.0.0.1', 'jmarple', 'Database optimized'),
('logCalendarOptions', '2026-02-01 11:14:26', '127.0.0.1', 'inewton', 'Profile updated'),
('logPermission', '2026-02-01 11:32:10', '127.0.0.1', 'admin', 'Config updated'),
('logImport', '2026-02-01 17:33:19', '127.0.0.1', 'einstein', 'User added'),
('logMonth', '2026-02-01 17:40:17', '127.0.0.1', 'jmarple', 'Calendar changed'),
('logImport', '2026-02-01 18:56:04', '127.0.0.1', 'jmarple', 'Login successful'),
('logUser', '2026-02-01 22:41:40', '127.0.0.1', 'zeuss', 'Calendar changed'),
('logLogin', '2026-02-01 23:12:00', '127.0.0.1', 'cyeager', 'Config updated'),
('logGroup', '2026-02-02 01:28:41', '127.0.0.1', 'aearhart', 'Logout'),
('logUser', '2026-02-02 02:34:32', '127.0.0.1', 'zeuss', 'User added'),
('logDaynote', '2026-02-02 05:49:47', '127.0.0.1', 'inewton', 'User added'),
('logGroup', '2026-02-02 06:31:21', '127.0.0.1', 'cyeager', 'Login successful'),
('logUser', '2026-02-02 07:14:45', '127.0.0.1', 'admin', 'Logout'),
('logDaynote', '2026-02-02 09:05:52', '127.0.0.1', 'cyeager', 'Logout'),
('logPattern', '2026-02-02 09:31:22', '127.0.0.1', 'richthofen', 'Profile updated'),
('logCalendar', '2026-02-02 09:47:53', '127.0.0.1', 'richthofen', 'Calendar changed'),
('logDaynote', '2026-02-02 11:00:11', '127.0.0.1', 'hermes', 'Calendar changed'),
('logMonth', '2026-02-02 11:01:54', '127.0.0.1', 'alupin', 'Calendar changed'),
('logUser', '2026-02-02 12:07:03', '127.0.0.1', 'richthofen', 'Logout'),
('logLog', '2026-02-02 16:37:05', '127.0.0.1', 'athene', 'Login successful'),
('logUpload', '2026-02-02 18:57:23', '127.0.0.1', 'richthofen', 'Config updated'),
('logGroup', '2026-02-02 21:39:51', '127.0.0.1', 'cyeager', 'Profile updated'),
('logDaynote', '2026-02-02 22:37:48', '127.0.0.1', 'jmarple', 'Config updated'),
('logConfig', '2026-02-02 23:23:42', '127.0.0.1', 'admin', 'Profile updated'),
('logConfig', '2026-02-03 01:50:11', '127.0.0.1', 'zeuss', 'Database optimized'),
('logMonth', '2026-02-03 04:43:33', '127.0.0.1', 'jmarple', 'Logout'),
('logGroup', '2026-02-03 11:34:50', '127.0.0.1', 'inewton', 'Calendar changed'),
('logRegion', '2026-02-03 12:17:12', '127.0.0.1', 'mcourie', 'Calendar changed'),
('logDaynote', '2026-02-03 12:51:09', '127.0.0.1', 'alupin', 'User added'),
('logPermission', '2026-02-03 13:35:01', '127.0.0.1', 'aearhart', 'Login successful'),
('logUpload', '2026-02-03 15:46:24', '127.0.0.1', 'hermes', 'Config updated'),
('logRegistration', '2026-02-03 19:22:33', '127.0.0.1', 'admin', 'User added'),
('logLogin', '2026-02-04 02:25:14', '127.0.0.1', 'cyeager', 'Database optimized'),
('logConfig', '2026-02-04 05:22:31', '127.0.0.1', 'einstein', 'Database optimized'),
('logDatabase', '2026-02-04 05:39:59', '127.0.0.1', 'sherlock', 'Database optimized'),
('logGroup', '2026-02-04 06:12:25', '127.0.0.1', 'mcourie', 'Config updated'),
('logCalendar', '2026-02-04 10:16:01', '127.0.0.1', 'alupin', 'Config updated'),
('logMonth', '2026-02-04 10:30:19', '127.0.0.1', 'aearhart', 'Profile updated'),
('logCalendar', '2026-02-04 11:31:22', '127.0.0.1', 'athene', 'Calendar changed'),
('logRole', '2026-02-04 12:46:36', '127.0.0.1', 'hermes', 'Calendar changed'),
('logMessage', '2026-02-04 13:36:01', '127.0.0.1', 'admin', 'Profile updated'),
('logRole', '2026-02-04 14:16:14', '127.0.0.1', 'zeuss', 'Logout'),
('logRegion', '2026-02-04 16:22:37', '127.0.0.1', 'einstein', 'Calendar changed'),
('logDaynote', '2026-02-04 20:42:12', '127.0.0.1', 'inewton', 'Login successful'),
('logLog', '2026-02-04 22:47:46', '127.0.0.1', 'einstein', 'Calendar changed'),
('logPattern', '2026-02-05 13:14:59', '127.0.0.1', 'jmarple', 'Database optimized'),
('logCalendarOptions', '2026-02-05 14:09:11', '127.0.0.1', 'zeuss', 'Config updated'),
('logUser', '2026-02-05 16:27:24', '127.0.0.1', 'inewton', 'Config updated'),
('logMessage', '2026-02-05 17:57:21', '127.0.0.1', 'alupin', 'Database optimized'),
('logMessage', '2026-02-05 19:13:31', '127.0.0.1', 'inewton', 'User added'),
('logImport', '2026-02-05 21:19:52', '127.0.0.1', 'sherlock', 'Login successful'),
('logPattern', '2026-02-05 23:34:46', '127.0.0.1', 'richthofen', 'Calendar changed'),
('logLog', '2026-02-06 04:43:55', '127.0.0.1', 'inewton', 'Profile updated'),
('logLog', '2026-02-06 07:21:26', '127.0.0.1', 'alupin', 'Database optimized');


INSERT INTO
  `tcneo_templates` (`id`, `username`, `year`, `month`, `abs1`, `abs2`, `abs3`, `abs4`, `abs5`, `abs6`, `abs7`, `abs8`, `abs9`, `abs10`, `abs11`, `abs12`, `abs13`, `abs14`, `abs15`, `abs16`, `abs17`, `abs18`, `abs19`, `abs20`, `abs21`, `abs22`, `abs23`, `abs24`, `abs25`, `abs26`, `abs27`, `abs28`, `abs29`, `abs30`, `abs31`)
VALUES
  (NULL, 'inewton', '2026', '01', NULL, 8, NULL, NULL, NULL, NULL, NULL, 2, NULL, NULL, NULL, NULL, NULL, 4, NULL, NULL, NULL, NULL, NULL, 4, NULL, NULL, NULL, NULL, NULL, NULL, NULL, NULL, NULL, NULL, NULL),
  (NULL, 'inewton', '2026', '02', NULL, NULL, NULL, NULL, NULL, NULL, NULL, NULL, NULL, NULL, NULL, 7, NULL, NULL, NULL, NULL, NULL, NULL, NULL, NULL, NULL, NULL, NULL, NULL, NULL, NULL, NULL, NULL, NULL, NULL, NULL),
  (NULL, 'inewton', '2026', '03', NULL, NULL, 2, NULL, NULL, NULL, NULL, NULL, 8, NULL, NULL, NULL, NULL, NULL, NULL, NULL, NULL, NULL, NULL, NULL, NULL, NULL, NULL, NULL, NULL, NULL, NULL, NULL, NULL, NULL, NULL),
  (NULL, 'inewton', '2026', '04', NULL, NULL, NULL, NULL, NULL, NULL, NULL, NULL, 9, NULL, NULL, NULL, NULL, NULL, NULL, NULL, NULL, NULL, NULL, NULL, NULL, NULL, NULL, NULL, NULL, NULL, 7, NULL, NULL, NULL, NULL),
  (NULL, 'inewton', '2026', '05', NULL, NULL, NULL, NULL, NULL, NULL, NULL, NULL, NULL, NULL, NULL, NULL, NULL, NULL, NULL, NULL, NULL, NULL, NULL, NULL, NULL, NULL, NULL, NULL, NULL, NULL, NULL, NULL, 6, NULL, NULL),
  (NULL, 'inewton', '2026', '06', 1, 1, 1, 1, 1, NULL, NULL, NULL, NULL, NULL, NULL, NULL, NULL, NULL, NULL, NULL, NULL, NULL, NULL, NULL, NULL, NULL, NULL, NULL, NULL, NULL, NULL, NULL, NULL, 7, NULL),
  (NULL, 'inewton', '2026', '07', NULL, NULL, NULL, NULL, NULL, NULL, NULL, NULL, NULL, NULL, NULL, NULL, NULL, NULL, NULL, NULL, NULL, NULL, NULL, NULL, NULL, NULL, NULL, NULL, NULL, NULL, NULL, NULL, NULL, NULL, 8),
  (NULL, 'inewton', '2026', '08', NULL, NULL, NULL, NULL, NULL, NULL, NULL, NULL, NULL, 1, 1, 1, 1, 1, NULL, NULL, NULL, NULL, NULL, NULL, NULL, NULL, NULL, NULL, NULL, NULL, NULL, NULL, NULL, NULL, NULL),
  (NULL, 'inewton', '2026', '09', NULL, NULL, NULL, NULL, NULL, NULL, NULL, NULL, NULL, NULL, NULL, NULL, NULL, 1, 1, 1, 1, 1, NULL, NULL, NULL, NULL, NULL, 6, NULL, NULL, NULL, NULL, NULL, NULL, NULL),
  (NULL, 'inewton', '2026', '10', NULL, NULL, NULL, NULL, NULL, NULL, NULL, NULL, NULL, NULL, NULL, NULL, NULL, NULL, NULL, NULL, NULL, NULL, NULL, NULL, NULL, NULL, NULL, NULL, NULL, 1, 1, 1, 1, 1, NULL),
  (NULL, 'athene', '2026', '01', NULL, NULL, NULL, NULL, NULL, NULL, NULL, NULL, NULL, NULL, NULL, 2, NULL, NULL, NULL, NULL, NULL, NULL, NULL, NULL, NULL, NULL, NULL, NULL, NULL, NULL, NULL, NULL, NULL, NULL, NULL),
  (NULL, 'athene', '2026', '02', NULL, NULL, NULL, NULL, NULL, NULL, NULL, NULL, NULL, NULL, NULL, NULL, NULL, NULL, NULL, 1, 1, 1, 1, 1, NULL, NULL, NULL, NULL, NULL, NULL, NULL, NULL, NULL, NULL, NULL),
  (NULL, 'athene', '2026', '04', NULL, NULL, NULL, NULL, NULL, NULL, NULL, NULL, NULL, NULL, NULL, NULL, 1, 1, 1, 1, 1, NULL, NULL, NULL, NULL, 9, NULL, NULL, NULL, NULL, NULL, NULL, NULL, NULL, NULL),
  (NULL, 'athene', '2026', '06', NULL, NULL, NULL, NULL, NULL, NULL, NULL, 7, NULL, NULL, NULL, 2, NULL, NULL, NULL, NULL, NULL, NULL, NULL, NULL, NULL, NULL, NULL, NULL, 4, NULL, NULL, NULL, NULL, NULL, NULL),
  (NULL, 'athene', '2026', '07', NULL, NULL, NULL, NULL, NULL, NULL, NULL, 4, NULL, NULL, NULL, NULL, NULL, NULL, NULL, NULL, NULL, NULL, NULL, NULL, NULL, NULL, NULL, NULL, NULL, NULL, NULL, NULL, NULL, NULL, NULL),
  (NULL, 'athene', '2026', '08', NULL, NULL, 1, 1, 1, 1, 1, NULL, NULL, NULL, NULL, NULL, NULL, NULL, NULL, NULL, NULL, NULL, NULL, NULL, NULL, NULL, NULL, NULL, NULL, NULL, NULL, NULL, NULL, NULL, NULL),
  (NULL, 'athene', '2026', '10', NULL, NULL, NULL, NULL, NULL, NULL, NULL, NULL, NULL, NULL, NULL, NULL, NULL, NULL, 6, NULL, NULL, NULL, NULL, NULL, NULL, NULL, NULL, NULL, NULL, 1, 1, 1, 1, 1, NULL),
  (NULL, 'athene', '2026', '12', NULL, NULL, NULL, 2, NULL, NULL, NULL, NULL, NULL, 4, NULL, NULL, NULL, NULL, NULL, NULL, NULL, NULL, NULL, NULL, NULL, NULL, 8, NULL, NULL, NULL, NULL, NULL, NULL, NULL, 7),
  (NULL, 'alupin', '2026', '01', NULL, NULL, NULL, NULL, 6, NULL, NULL, NULL, NULL, NULL, NULL, NULL, NULL, NULL, NULL, NULL, NULL, NULL, NULL, NULL, NULL, NULL, NULL, NULL, NULL, NULL, NULL, NULL, NULL, NULL, NULL),
  (NULL, 'alupin', '2026', '04', NULL, NULL, NULL, NULL, NULL, NULL, NULL, NULL, NULL, NULL, NULL, NULL, 5, 3, NULL, NULL, NULL, NULL, NULL, NULL, NULL, 7, NULL, NULL, NULL, NULL, NULL, NULL, NULL, NULL, NULL),
  (NULL, 'alupin', '2026', '06', NULL, NULL, NULL, NULL, NULL, NULL, NULL, NULL, NULL, NULL, NULL, NULL, NULL, NULL, NULL, NULL, NULL, NULL, 7, NULL, NULL, NULL, NULL, 2, NULL, NULL, NULL, NULL, NULL, NULL, NULL),
  (NULL, 'alupin', '2026', '07', NULL, NULL, NULL, NULL, NULL, NULL, NULL, NULL, NULL, NULL, NULL, NULL, 3, NULL, NULL, NULL, NULL, NULL, NULL, NULL, NULL, NULL, NULL, NULL, NULL, NULL, NULL, NULL, 2, NULL, NULL),
  (NULL, 'alupin', '2026', '08', NULL, NULL, NULL, NULL, NULL, NULL, NULL, NULL, NULL, 9, NULL, NULL, NULL, NULL, NULL, NULL, 1, 1, 1, 1, 1, NULL, NULL, NULL, NULL, NULL, NULL, NULL, NULL, NULL, NULL),
  (NULL, 'alupin', '2026', '09', NULL, NULL, NULL, NULL, NULL, NULL, NULL, NULL, NULL, NULL, NULL, NULL, NULL, NULL, NULL, 6, NULL, NULL, NULL, NULL, NULL, NULL, NULL, NULL, NULL, NULL, NULL, NULL, NULL, NULL, NULL),
  (NULL, 'alupin', '2026', '10', NULL, NULL, NULL, NULL, NULL, NULL, NULL, NULL, NULL, NULL, NULL, NULL, NULL, NULL, NULL, NULL, NULL, NULL, 1, 1, 1, 1, 1, NULL, NULL, NULL, NULL, NULL, NULL, NULL, NULL),
  (NULL, 'alupin', '2026', '11', NULL, NULL, NULL, NULL, NULL, NULL, NULL, NULL, 1, 1, 1, 1, 1, NULL, NULL, 3, NULL, NULL, NULL, NULL, NULL, NULL, NULL, NULL, NULL, 6, NULL, NULL, NULL, NULL, NULL),
  (NULL, 'alupin', '2026', '12', NULL, NULL, NULL, NULL, NULL, NULL, 1, 1, 1, 1, 1, NULL, NULL, NULL, 6, NULL, NULL, NULL, NULL, NULL, NULL, NULL, NULL, NULL, NULL, NULL, NULL, NULL, NULL, NULL, NULL),
  (NULL, 'einstein', '2026', '01', NULL, NULL, NULL, NULL, NULL, NULL, NULL, NULL, NULL, NULL, NULL, 1, 1, 1, 1, 1, NULL, NULL, 1, 1, 1, 1, 1, NULL, NULL, NULL, NULL, NULL, NULL, NULL, NULL),
  (NULL, 'einstein', '2026', '02', NULL, NULL, NULL, 5, NULL, NULL, NULL, NULL, NULL, NULL, NULL, NULL, NULL, NULL, NULL, NULL, NULL, NULL, NULL, NULL, NULL, NULL, NULL, NULL, NULL, NULL, NULL, NULL, NULL, NULL, NULL),
  (NULL, 'einstein', '2026', '04', NULL, NULL, NULL, NULL, NULL, NULL, NULL, NULL, NULL, NULL, NULL, NULL, NULL, NULL, NULL, NULL, 2, NULL, NULL, NULL, NULL, NULL, NULL, NULL, NULL, NULL, NULL, NULL, NULL, NULL, NULL),
  (NULL, 'einstein', '2026', '05', NULL, NULL, NULL, NULL, NULL, NULL, NULL, NULL, NULL, NULL, NULL, NULL, NULL, NULL, NULL, NULL, NULL, NULL, NULL, NULL, 8, NULL, NULL, NULL, NULL, NULL, NULL, NULL, NULL, NULL, NULL),
  (NULL, 'einstein', '2026', '06', NULL, NULL, NULL, NULL, NULL, NULL, NULL, NULL, NULL, NULL, NULL, NULL, NULL, NULL, NULL, NULL, NULL, NULL, NULL, NULL, NULL, NULL, NULL, NULL, NULL, NULL, NULL, NULL, 7, NULL, NULL),
  (NULL, 'einstein', '2026', '07', NULL, NULL, NULL, NULL, NULL, 5, NULL, NULL, NULL, NULL, NULL, NULL, NULL, NULL, NULL, NULL, NULL, NULL, NULL, NULL, NULL, NULL, NULL, NULL, NULL, NULL, NULL, NULL, NULL, NULL, NULL),
  (NULL, 'einstein', '2026', '08', NULL, NULL, NULL, NULL, NULL, NULL, NULL, NULL, NULL, NULL, NULL, 9, NULL, 8, NULL, NULL, NULL, 4, NULL, NULL, NULL, NULL, NULL, NULL, NULL, NULL, NULL, NULL, NULL, NULL, NULL),
  (NULL, 'einstein', '2026', '09', NULL, NULL, NULL, NULL, NULL, NULL, NULL, 7, NULL, NULL, NULL, NULL, NULL, NULL, NULL, NULL, NULL, NULL, NULL, NULL, NULL, NULL, NULL, NULL, NULL, NULL, NULL, NULL, NULL, 4, NULL),
  (NULL, 'einstein', '2026', '10', NULL, NULL, NULL, NULL, NULL, NULL, NULL, NULL, NULL, NULL, NULL, 1, 1, 1, 1, 1, NULL, NULL, NULL, 8, NULL, NULL, NULL, NULL, NULL, NULL, 5, NULL, NULL, NULL, NULL),
  (NULL, 'einstein', '2026', '11', NULL, NULL, NULL, NULL, NULL, NULL, NULL, NULL, NULL, NULL, NULL, NULL, NULL, NULL, NULL, 1, 1, 1, 1, 1, NULL, NULL, NULL, NULL, NULL, NULL, NULL, NULL, NULL, NULL, NULL),
  (NULL, 'einstein', '2026', '12', NULL, NULL, NULL, NULL, NULL, NULL, NULL, NULL, NULL, NULL, NULL, NULL, NULL, NULL, NULL, NULL, NULL, NULL, NULL, NULL, NULL, NULL, NULL, NULL, NULL, NULL, NULL, NULL, NULL, NULL, 4),
  (NULL, 'jmarple', '2026', '01', NULL, NULL, NULL, NULL, NULL, NULL, 4, NULL, NULL, NULL, NULL, NULL, NULL, NULL, NULL, NULL, NULL, NULL, NULL, NULL, NULL, NULL, NULL, NULL, NULL, NULL, NULL, NULL, NULL, NULL, NULL),
  (NULL, 'jmarple', '2026', '03', NULL, NULL, NULL, NULL, NULL, NULL, NULL, NULL, 1, 1, 1, 1, 1, NULL, NULL, 1, 1, 1, 1, 1, NULL, NULL, NULL, NULL, NULL, NULL, NULL, NULL, NULL, NULL, NULL),
  (NULL, 'jmarple', '2026', '04', 6, NULL, NULL, NULL, NULL, NULL, NULL, NULL, 7, NULL, NULL, NULL, NULL, NULL, NULL, NULL, NULL, NULL, NULL, NULL, NULL, NULL, NULL, NULL, NULL, NULL, NULL, NULL, NULL, NULL, NULL),
  (NULL, 'jmarple', '2026', '05', NULL, NULL, NULL, NULL, NULL, NULL, NULL, NULL, NULL, NULL, NULL, NULL, NULL, NULL, NULL, NULL, NULL, 3, NULL, NULL, NULL, NULL, NULL, NULL, NULL, NULL, NULL, NULL, NULL, NULL, NULL),
  (NULL, 'jmarple', '2026', '06', NULL, NULL, NULL, NULL, NULL, NULL, NULL, 1, 1, 1, 1, 1, NULL, NULL, NULL, NULL, NULL, NULL, NULL, NULL, NULL, NULL, NULL, NULL, NULL, NULL, NULL, NULL, NULL, NULL, NULL),
  (NULL, 'jmarple', '2026', '07', NULL, NULL, NULL, NULL, NULL, NULL, 9, NULL, NULL, NULL, NULL, NULL, NULL, NULL, NULL, NULL, NULL, NULL, NULL, NULL, NULL, NULL, NULL, NULL, NULL, NULL, NULL, NULL, NULL, NULL, NULL),
  (NULL, 'jmarple', '2026', '08', NULL, NULL, NULL, NULL, NULL, NULL, NULL, NULL, NULL, NULL, NULL, NULL, NULL, 4, NULL, NULL, 1, 1, 1, 1, 1, NULL, NULL, NULL, NULL, NULL, NULL, NULL, NULL, NULL, NULL),
  (NULL, 'jmarple', '2026', '09', NULL, NULL, NULL, NULL, NULL, NULL, NULL, NULL, NULL, 9, NULL, NULL, NULL, NULL, NULL, NULL, NULL, NULL, NULL, NULL, NULL, NULL, NULL, NULL, NULL, NULL, NULL, NULL, NULL, NULL, NULL),
  (NULL, 'jmarple', '2026', '10', NULL, 2, NULL, NULL, NULL, NULL, NULL, NULL, NULL, NULL, NULL, NULL, NULL, NULL, NULL, NULL, NULL, NULL, NULL, NULL, NULL, NULL, NULL, NULL, NULL, NULL, NULL, NULL, NULL, NULL, NULL),
  (NULL, 'jmarple', '2026', '11', NULL, NULL, NULL, NULL, NULL, NULL, NULL, NULL, NULL, NULL, NULL, NULL, NULL, NULL, NULL, NULL, NULL, NULL, NULL, 6, NULL, NULL, 6, NULL, NULL, NULL, NULL, NULL, NULL, NULL, NULL),
  (NULL, 'sherlock', '2026', '01', NULL, 2, NULL, NULL, NULL, NULL, NULL, NULL, NULL, NULL, NULL, NULL, NULL, NULL, NULL, NULL, NULL, NULL, NULL, 4, NULL, NULL, NULL, NULL, NULL, NULL, NULL, NULL, NULL, NULL, NULL),
  (NULL, 'sherlock', '2026', '02', NULL, 1, 1, 1, 1, 1, NULL, NULL, NULL, NULL, NULL, NULL, NULL, NULL, NULL, NULL, NULL, NULL, NULL, NULL, NULL, NULL, NULL, NULL, NULL, NULL, NULL, NULL, NULL, NULL, NULL),
  (NULL, 'sherlock', '2026', '03', NULL, NULL, NULL, NULL, NULL, 5, NULL, NULL, NULL, NULL, NULL, NULL, NULL, NULL, NULL, NULL, NULL, NULL, NULL, NULL, NULL, NULL, NULL, NULL, NULL, NULL, NULL, NULL, NULL, NULL, NULL),
  (NULL, 'sherlock', '2026', '04', NULL, NULL, NULL, NULL, NULL, NULL, NULL, 3, NULL, NULL, NULL, NULL, NULL, 2, NULL, NULL, NULL, NULL, NULL, NULL, NULL, NULL, NULL, NULL, NULL, NULL, NULL, NULL, NULL, NULL, NULL),
  (NULL, 'sherlock', '2026', '05', NULL, NULL, NULL, NULL, NULL, NULL, NULL, NULL, NULL, NULL, NULL, NULL, NULL, NULL, NULL, NULL, NULL, NULL, NULL, NULL, NULL, NULL, NULL, NULL, 1, 1, 1, 1, 1, NULL, NULL),
  (NULL, 'sherlock', '2026', '06', NULL, NULL, NULL, NULL, NULL, NULL, NULL, NULL, NULL, NULL, NULL, 9, NULL, NULL, NULL, NULL, NULL, NULL, NULL, NULL, NULL, NULL, NULL, NULL, 7, NULL, NULL, NULL, NULL, 3, NULL),
  (NULL, 'sherlock', '2026', '07', NULL, NULL, NULL, NULL, NULL, NULL, NULL, NULL, NULL, NULL, NULL, NULL, NULL, NULL, NULL, NULL, NULL, NULL, NULL, 1, 1, 1, 1, 1, NULL, NULL, NULL, NULL, NULL, NULL, NULL),
  (NULL, 'sherlock', '2026', '08', NULL, NULL, NULL, 2, NULL, NULL, NULL, NULL, NULL, 1, 1, 1, 1, 1, NULL, NULL, NULL, NULL, NULL, NULL, NULL, NULL, NULL, NULL, NULL, NULL, NULL, NULL, NULL, NULL, NULL),
  (NULL, 'sherlock', '2026', '09', NULL, NULL, NULL, NULL, NULL, NULL, NULL, NULL, NULL, NULL, NULL, NULL, NULL, NULL, NULL, NULL, NULL, NULL, NULL, NULL, NULL, NULL, NULL, NULL, NULL, NULL, NULL, 9, NULL, NULL, NULL),
  (NULL, 'sherlock', '2026', '11', NULL, NULL, NULL, NULL, NULL, NULL, NULL, NULL, NULL, NULL, 6, NULL, NULL, NULL, NULL, NULL, NULL, NULL, NULL, NULL, NULL, NULL, NULL, 5, NULL, NULL, NULL, NULL, NULL, NULL, NULL),
  (NULL, 'sherlock', '2026', '12', NULL, NULL, NULL, NULL, NULL, NULL, NULL, NULL, NULL, NULL, NULL, NULL, NULL, NULL, NULL, 9, NULL, NULL, NULL, NULL, NULL, NULL, 5, NULL, NULL, NULL, NULL, NULL, NULL, NULL, NULL),
  (NULL, 'mcurie', '2026', '01', NULL, NULL, NULL, NULL, NULL, NULL, NULL, NULL, NULL, NULL, NULL, NULL, NULL, 2, NULL, NULL, NULL, NULL, NULL, NULL, NULL, NULL, NULL, NULL, NULL, NULL, NULL, NULL, NULL, NULL, NULL),
  (NULL, 'mcurie', '2026', '02', NULL, NULL, NULL, NULL, NULL, NULL, NULL, NULL, NULL, NULL, NULL, 5, 9, NULL, NULL, NULL, NULL, NULL, NULL, NULL, NULL, NULL, NULL, NULL, NULL, NULL, NULL, NULL, NULL, NULL, NULL),
  (NULL, 'mcurie', '2026', '03', NULL, NULL, NULL, NULL, NULL, NULL, NULL, NULL, NULL, NULL, NULL, 2, NULL, NULL, NULL, 1, 1, 1, 1, 1, NULL, NULL, 1, 1, 1, 1, 1, NULL, NULL, NULL, NULL),
  (NULL, 'mcurie', '2026', '04', NULL, NULL, NULL, NULL, NULL, NULL, NULL, NULL, NULL, NULL, NULL, NULL, 1, 1, 1, 1, 1, NULL, NULL, NULL, NULL, NULL, NULL, NULL, NULL, NULL, NULL, NULL, NULL, NULL, NULL),
  (NULL, 'mcurie', '2026', '05', NULL, NULL, NULL, NULL, NULL, NULL, NULL, 3, NULL, NULL, NULL, NULL, NULL, NULL, 8, NULL, NULL, NULL, NULL, NULL, NULL, NULL, NULL, NULL, NULL, NULL, NULL, NULL, NULL, NULL, NULL),
  (NULL, 'mcurie', '2026', '06', NULL, NULL, NULL, NULL, NULL, NULL, NULL, NULL, NULL, NULL, NULL, NULL, NULL, NULL, NULL, 2, 8, NULL, NULL, NULL, NULL, NULL, 6, NULL, NULL, NULL, NULL, NULL, NULL, NULL, NULL),
  (NULL, 'mcurie', '2026', '07', NULL, NULL, NULL, NULL, NULL, 1, 1, 1, 1, 1, NULL, NULL, NULL, NULL, NULL, NULL, NULL, NULL, NULL, NULL, NULL, NULL, NULL, NULL, NULL, NULL, NULL, NULL, NULL, NULL, NULL),
  (NULL, 'mcurie', '2026', '08', NULL, NULL, 8, NULL, NULL, NULL, NULL, NULL, NULL, NULL, NULL, NULL, NULL, NULL, NULL, NULL, NULL, NULL, NULL, NULL, NULL, NULL, NULL, NULL, NULL, NULL, NULL, NULL, NULL, NULL, NULL),
  (NULL, 'mcurie', '2026', '10', NULL, NULL, NULL, NULL, NULL, NULL, NULL, NULL, NULL, NULL, NULL, NULL, 8, NULL, NULL, NULL, NULL, NULL, NULL, NULL, NULL, NULL, NULL, NULL, NULL, NULL, NULL, NULL, NULL, NULL, NULL),
  (NULL, 'mcurie', '2026', '11', NULL, NULL, 7, NULL, NULL, NULL, NULL, NULL, NULL, NULL, NULL, NULL, NULL, NULL, NULL, NULL, NULL, NULL, NULL, NULL, NULL, NULL, NULL, NULL, NULL, NULL, NULL, NULL, NULL, NULL, NULL),
  (NULL, 'zeuss', '2026', '02', NULL, NULL, NULL, NULL, 2, NULL, NULL, NULL, NULL, NULL, NULL, 7, NULL, NULL, NULL, NULL, NULL, NULL, NULL, NULL, NULL, NULL, NULL, NULL, NULL, NULL, NULL, NULL, NULL, NULL, NULL),
  (NULL, 'zeuss', '2026', '03', NULL, NULL, NULL, NULL, NULL, NULL, NULL, NULL, NULL, NULL, NULL, NULL, NULL, NULL, NULL, NULL, NULL, NULL, NULL, NULL, NULL, NULL, NULL, NULL, NULL, 6, NULL, NULL, NULL, 4, NULL),
  (NULL, 'zeuss', '2026', '04', NULL, NULL, NULL, NULL, NULL, NULL, NULL, 8, NULL, NULL, NULL, NULL, 1, 1, 1, 1, 1, NULL, NULL, 1, 1, 1, 1, 1, NULL, NULL, NULL, NULL, NULL, NULL, NULL),
  (NULL, 'zeuss', '2026', '05', NULL, NULL, NULL, NULL, NULL, NULL, NULL, NULL, NULL, NULL, NULL, NULL, NULL, NULL, NULL, NULL, NULL, NULL, NULL, 8, NULL, NULL, NULL, NULL, NULL, NULL, NULL, NULL, NULL, NULL, NULL),
  (NULL, 'zeuss', '2026', '06', NULL, NULL, NULL, NULL, NULL, NULL, NULL, 1, 1, 1, 1, 1, NULL, NULL, NULL, NULL, 3, NULL, NULL, NULL, NULL, NULL, NULL, NULL, NULL, NULL, NULL, NULL, NULL, NULL, NULL),
  (NULL, 'zeuss', '2026', '07', NULL, NULL, NULL, NULL, NULL, NULL, NULL, NULL, NULL, NULL, NULL, NULL, NULL, NULL, NULL, NULL, NULL, NULL, NULL, NULL, NULL, NULL, NULL, NULL, NULL, NULL, NULL, NULL, NULL, NULL, 3),
  (NULL, 'zeuss', '2026', '08', NULL, NULL, NULL, 6, NULL, NULL, 5, NULL, NULL, NULL, NULL, NULL, NULL, NULL, NULL, NULL, NULL, NULL, NULL, NULL, 8, NULL, NULL, NULL, NULL, NULL, NULL, NULL, NULL, NULL, NULL),
  (NULL, 'zeuss', '2026', '09', 3, NULL, NULL, NULL, NULL, NULL, 1, 1, 1, 1, 1, NULL, NULL, NULL, NULL, NULL, 2, NULL, NULL, NULL, NULL, NULL, NULL, NULL, NULL, NULL, NULL, NULL, NULL, NULL, NULL),
  (NULL, 'zeuss', '2026', '10', NULL, NULL, NULL, NULL, NULL, NULL, NULL, NULL, NULL, NULL, NULL, NULL, NULL, 2, NULL, NULL, NULL, NULL, NULL, NULL, NULL, NULL, NULL, NULL, NULL, NULL, NULL, NULL, NULL, NULL, NULL),
  (NULL, 'zeuss', '2026', '12', NULL, NULL, NULL, NULL, NULL, NULL, NULL, NULL, NULL, NULL, NULL, NULL, NULL, NULL, NULL, NULL, NULL, NULL, NULL, NULL, 5, NULL, NULL, NULL, NULL, NULL, NULL, NULL, NULL, NULL, NULL),
  (NULL, 'hermes', '2026', '01', NULL, NULL, NULL, NULL, NULL, NULL, 6, NULL, NULL, NULL, NULL, NULL, NULL, NULL, NULL, NULL, NULL, NULL, 1, 1, 1, 1, 1, NULL, NULL, NULL, NULL, NULL, NULL, NULL, NULL),
  (NULL, 'hermes', '2026', '02', NULL, NULL, NULL, NULL, NULL, NULL, NULL, NULL, NULL, NULL, NULL, 3, NULL, NULL, NULL, NULL, NULL, NULL, 7, NULL, NULL, NULL, NULL, NULL, NULL, NULL, NULL, NULL, NULL, NULL, NULL),
  (NULL, 'hermes', '2026', '04', NULL, NULL, NULL, NULL, NULL, NULL, NULL, NULL, NULL, 6, NULL, NULL, NULL, NULL, 9, NULL, 7, NULL, NULL, NULL, NULL, NULL, NULL, NULL, NULL, NULL, NULL, NULL, NULL, NULL, NULL),
  (NULL, 'hermes', '2026', '05', NULL, NULL, NULL, NULL, NULL, NULL, NULL, NULL, NULL, NULL, NULL, NULL, NULL, NULL, NULL, NULL, NULL, 1, 1, 1, 1, 1, NULL, NULL, NULL, NULL, NULL, NULL, NULL, NULL, NULL),
  (NULL, 'hermes', '2026', '06', 8, NULL, NULL, NULL, NULL, NULL, NULL, NULL, NULL, NULL, NULL, NULL, NULL, NULL, NULL, NULL, NULL, NULL, NULL, NULL, NULL, 1, 1, 1, 1, 1, NULL, NULL, NULL, 5, NULL),
  (NULL, 'hermes', '2026', '07', 7, NULL, NULL, NULL, NULL, NULL, NULL, NULL, NULL, NULL, NULL, NULL, NULL, NULL, NULL, NULL, NULL, NULL, NULL, NULL, NULL, NULL, NULL, NULL, NULL, NULL, NULL, NULL, NULL, NULL, NULL),
  (NULL, 'hermes', '2026', '09', NULL, NULL, NULL, NULL, NULL, NULL, NULL, NULL, NULL, NULL, 8, NULL, NULL, NULL, NULL, NULL, NULL, NULL, NULL, NULL, NULL, NULL, NULL, NULL, NULL, NULL, NULL, NULL, NULL, NULL, NULL),
  (NULL, 'hermes', '2026', '11', NULL, NULL, NULL, NULL, NULL, NULL, NULL, NULL, NULL, NULL, NULL, NULL, NULL, NULL, NULL, NULL, NULL, NULL, NULL, NULL, NULL, NULL, 5, NULL, NULL, 4, NULL, NULL, NULL, NULL, NULL),
  (NULL, 'hermes', '2026', '12', NULL, NULL, NULL, NULL, NULL, NULL, NULL, NULL, NULL, NULL, NULL, NULL, NULL, 1, 1, 1, 1, 1, NULL, NULL, NULL, NULL, NULL, NULL, NULL, NULL, NULL, NULL, NULL, NULL, NULL),
  (NULL, 'richthofen', '2026', '01', NULL, NULL, NULL, NULL, NULL, NULL, 4, NULL, NULL, NULL, NULL, NULL, 5, NULL, NULL, NULL, NULL, NULL, 3, NULL, NULL, NULL, NULL, NULL, NULL, 2, NULL, NULL, NULL, NULL, NULL),
  (NULL, 'richthofen', '2026', '02', NULL, NULL, NULL, NULL, NULL, NULL, NULL, NULL, 1, 1, 1, 1, 1, NULL, NULL, NULL, NULL, NULL, NULL, NULL, NULL, NULL, 1, 1, 1, 1, 1, NULL, NULL, NULL, NULL),
  (NULL, 'richthofen', '2026', '03', NULL, NULL, NULL, NULL, NULL, NULL, NULL, NULL, NULL, NULL, NULL, NULL, NULL, NULL, NULL, NULL, NULL, NULL, NULL, NULL, NULL, NULL, 9, NULL, NULL, NULL, NULL, NULL, NULL, NULL, NULL),
  (NULL, 'richthofen', '2026', '04', NULL, NULL, NULL, NULL, NULL, NULL, NULL, 9, NULL, NULL, NULL, NULL, NULL, NULL, NULL, NULL, NULL, NULL, NULL, NULL, NULL, NULL, NULL, NULL, NULL, NULL, 3, NULL, NULL, NULL, NULL),
  (NULL, 'richthofen', '2026', '05', NULL, NULL, NULL, NULL, NULL, NULL, 2, NULL, NULL, NULL, NULL, NULL, NULL, NULL, NULL, NULL, NULL, NULL, NULL, NULL, NULL, NULL, NULL, NULL, NULL, NULL, NULL, NULL, NULL, NULL, NULL),
  (NULL, 'richthofen', '2026', '06', NULL, NULL, NULL, NULL, NULL, NULL, NULL, NULL, NULL, NULL, NULL, NULL, NULL, NULL, NULL, NULL, NULL, NULL, NULL, NULL, NULL, NULL, NULL, 9, NULL, NULL, NULL, NULL, NULL, NULL, NULL),
  (NULL, 'richthofen', '2026', '07', NULL, NULL, NULL, NULL, NULL, NULL, NULL, NULL, NULL, NULL, NULL, NULL, NULL, NULL, NULL, NULL, NULL, NULL, NULL, NULL, NULL, NULL, NULL, NULL, NULL, NULL, NULL, NULL, 7, NULL, NULL),
  (NULL, 'richthofen', '2026', '08', NULL, NULL, NULL, NULL, NULL, NULL, NULL, NULL, NULL, NULL, NULL, NULL, NULL, NULL, NULL, NULL, 1, 1, 1, 1, 1, NULL, NULL, 3, NULL, 3, NULL, NULL, NULL, NULL, NULL),
  (NULL, 'richthofen', '2026', '09', NULL, NULL, NULL, NULL, NULL, NULL, 7, NULL, NULL, NULL, NULL, NULL, NULL, NULL, NULL, NULL, 5, NULL, NULL, NULL, NULL, NULL, NULL, NULL, NULL, NULL, NULL, NULL, NULL, NULL, NULL),
  (NULL, 'richthofen', '2026', '12', NULL, NULL, NULL, NULL, NULL, NULL, 1, 1, 1, 1, 1, NULL, NULL, NULL, NULL, NULL, NULL, NULL, NULL, NULL, NULL, NULL, NULL, NULL, NULL, NULL, NULL, NULL, NULL, NULL, NULL),
  (NULL, 'aearhart', '2026', '02', NULL, NULL, NULL, NULL, NULL, NULL, NULL, NULL, 1, 1, 1, 1, 1, NULL, NULL, 2, 7, NULL, NULL, NULL, NULL, NULL, 1, 1, 1, 1, 1, NULL, NULL, NULL, NULL),
  (NULL, 'aearhart', '2026', '03', NULL, NULL, NULL, NULL, NULL, NULL, NULL, NULL, NULL, NULL, NULL, NULL, NULL, NULL, NULL, 1, 1, 1, 1, 1, NULL, NULL, NULL, NULL, 9, NULL, NULL, NULL, NULL, NULL, NULL),
  (NULL, 'aearhart', '2026', '04', NULL, 3, NULL, NULL, NULL, 7, 4, NULL, NULL, NULL, NULL, NULL, NULL, NULL, NULL, NULL, NULL, NULL, NULL, NULL, NULL, NULL, NULL, NULL, NULL, NULL, NULL, NULL, NULL, NULL, NULL),
  (NULL, 'aearhart', '2026', '05', NULL, NULL, NULL, NULL, NULL, NULL, NULL, NULL, NULL, NULL, NULL, NULL, NULL, NULL, NULL, NULL, NULL, NULL, 2, NULL, NULL, NULL, NULL, NULL, 1, 1, 1, 1, 1, NULL, NULL),
  (NULL, 'aearhart', '2026', '06', NULL, NULL, NULL, NULL, NULL, NULL, NULL, NULL, NULL, 2, NULL, NULL, NULL, NULL, NULL, NULL, NULL, NULL, NULL, NULL, NULL, NULL, NULL, NULL, NULL, NULL, NULL, NULL, NULL, NULL, NULL),
  (NULL, 'aearhart', '2026', '07', NULL, NULL, NULL, NULL, NULL, NULL, NULL, NULL, NULL, NULL, NULL, NULL, NULL, NULL, NULL, 9, NULL, NULL, NULL, NULL, NULL, NULL, NULL, NULL, NULL, NULL, NULL, NULL, NULL, NULL, NULL),
  (NULL, 'aearhart', '2026', '08', NULL, NULL, NULL, NULL, NULL, NULL, NULL, NULL, NULL, NULL, NULL, NULL, NULL, NULL, NULL, NULL, 7, NULL, NULL, NULL, NULL, NULL, NULL, NULL, NULL, NULL, NULL, NULL, NULL, NULL, NULL),
  (NULL, 'aearhart', '2026', '12', NULL, NULL, NULL, NULL, NULL, NULL, NULL, NULL, 8, NULL, NULL, NULL, NULL, NULL, NULL, NULL, NULL, NULL, NULL, NULL, NULL, NULL, NULL, NULL, NULL, NULL, NULL, NULL, NULL, NULL, NULL),
  (NULL, 'cyeager', '2026', '01', 8, NULL, NULL, NULL, NULL, NULL, NULL, 7, NULL, NULL, NULL, NULL, NULL, NULL, NULL, NULL, NULL, NULL, NULL, NULL, NULL, NULL, NULL, NULL, NULL, 1, 1, 1, 1, 1, NULL),
  (NULL, 'cyeager', '2026', '02', NULL, NULL, NULL, NULL, NULL, NULL, NULL, NULL, NULL, NULL, 6, NULL, NULL, NULL, NULL, NULL, NULL, NULL, NULL, NULL, NULL, NULL, NULL, NULL, NULL, NULL, NULL, NULL, NULL, NULL, NULL),
  (NULL, 'cyeager', '2026', '03', NULL, 5, NULL, NULL, NULL, NULL, NULL, NULL, NULL, NULL, NULL, NULL, NULL, NULL, NULL, NULL, NULL, NULL, 5, NULL, NULL, NULL, NULL, NULL, NULL, NULL, NULL, NULL, NULL, NULL, NULL),
  (NULL, 'cyeager', '2026', '04', NULL, NULL, NULL, NULL, NULL, NULL, NULL, NULL, NULL, NULL, NULL, NULL, 1, 1, 1, 1, 1, NULL, NULL, NULL, NULL, NULL, NULL, NULL, NULL, NULL, NULL, NULL, NULL, NULL, NULL),
  (NULL, 'cyeager', '2026', '05', NULL, NULL, NULL, NULL, NULL, NULL, NULL, NULL, NULL, NULL, NULL, NULL, NULL, NULL, NULL, NULL, NULL, NULL, NULL, NULL, NULL, NULL, NULL, NULL, NULL, NULL, 2, NULL, NULL, NULL, NULL),
  (NULL, 'cyeager', '2026', '06', 8, NULL, NULL, NULL, NULL, NULL, NULL, NULL, NULL, NULL, 5, NULL, NULL, NULL, NULL, NULL, NULL, NULL, NULL, NULL, NULL, NULL, NULL, NULL, NULL, NULL, NULL, NULL, NULL, NULL, NULL),
  (NULL, 'cyeager', '2026', '07', NULL, NULL, NULL, NULL, NULL, NULL, 6, NULL, NULL, NULL, NULL, NULL, NULL, NULL, NULL, NULL, NULL, NULL, NULL, NULL, NULL, NULL, NULL, NULL, NULL, NULL, NULL, NULL, NULL, NULL, NULL),
  (NULL, 'cyeager', '2026', '08', NULL, NULL, NULL, NULL, NULL, 9, 5, NULL, NULL, NULL, NULL, NULL, NULL, NULL, NULL, NULL, NULL, NULL, NULL, NULL, NULL, NULL, NULL, NULL, NULL, NULL, NULL, NULL, NULL, NULL, NULL),
  (NULL, 'cyeager', '2026', '09', NULL, NULL, NULL, NULL, NULL, NULL, 1, 1, 1, 1, 1, NULL, NULL, NULL, NULL, NULL, NULL, NULL, NULL, NULL, NULL, NULL, NULL, NULL, 5, NULL, NULL, NULL, NULL, NULL, NULL),
  (NULL, 'cyeager', '2026', '10', NULL, NULL, NULL, NULL, NULL, NULL, NULL, NULL, NULL, NULL, NULL, NULL, NULL, NULL, NULL, NULL, NULL, NULL, NULL, NULL, NULL, 7, NULL, NULL, NULL, NULL, NULL, NULL, NULL, NULL, NULL),
  (NULL, 'cyeager', '2026', '11', NULL, NULL, NULL, NULL, NULL, NULL, NULL, NULL, NULL, NULL, NULL, NULL, NULL, NULL, NULL, NULL, NULL, 6, NULL, NULL, NULL, NULL, 1, 1, 1, 1, 1, NULL, NULL, NULL, NULL),
  (NULL, 'cyeager', '2026', '12', NULL, NULL, NULL, NULL, NULL, NULL, NULL, NULL, NULL, NULL, NULL, NULL, NULL, NULL, NULL, 7, NULL, NULL, NULL, NULL, NULL, NULL, NULL, NULL, NULL, NULL, NULL, NULL, NULL, NULL, NULL);

-- --------------------------------------------------------
--
-- Table structure for table `tcneo_users`
--
DROP TABLE IF EXISTS `tcneo_users`;

CREATE TABLE IF NOT EXISTS `tcneo_users` (
  `username` varchar(40) NOT NULL DEFAULT '',
  `password` varchar(255) DEFAULT NULL,
  `firstname` varchar(80) DEFAULT NULL,
  `lastname` varchar(80) DEFAULT NULL,
  `email` varchar(100) DEFAULT NULL,
  `order_key` varchar(80) NOT NULL DEFAULT '0',
  `role` int(11) DEFAULT 2,
  `locked` tinyint (4) DEFAULT 0,
  `hidden` tinyint (4) DEFAULT 0,
  `onhold` tinyint (4) DEFAULT 0,
  `verify` tinyint (4) DEFAULT 0,
  `bad_logins` tinyint (4) DEFAULT 0,
  `grace_start` datetime NOT NULL DEFAULT '2026-01-01 00:00:00',
  `last_pw_change` datetime NOT NULL DEFAULT '2026-01-01 00:00:00',
  `last_login` datetime NOT NULL DEFAULT '2026-01-01 00:00:00',
  `created` datetime NOT NULL DEFAULT '2026-01-01 00:00:00',
  PRIMARY KEY (`username`),
  KEY `k_firstname` (`firstname`),
  KEY `k_lastname` (`lastname`)
) ENGINE = MyISAM DEFAULT CHARSET = utf8 COLLATE = utf8_bin;

--
-- Dumping data for table `tcneo_users`
--
INSERT INTO
  `tcneo_users` (`username`, `password`, `firstname`, `lastname`, `email`, `order_key`, `role`, `locked`, `hidden`, `onhold`, `verify`, `bad_logins`, `grace_start`, `last_pw_change`, `last_login`, `created`)
VALUES
  ('admin', '$2y$10$4E4xGXbIs1ldd.aN/knENOF/YTenqHylHhrErESXfBDIBIF/1FT2.', '', 'Admin', 'webmaster@yourserver.com', '0', 1, 0, 0, 0, 0, 0, '2024-01-01 00:00:00', '2024-09-07 19:12:50', '2024-09-19 20:33:29', '2022-01-01 00:00:00'),
  ('inewton', '$2y$10$1jG7rgdi/5DMd.EliIn7geeyUAGFEaFg.vwS2JunJqzPlugqYttVq', 'Isaac', 'Newton', 'inewton@yourserver.com', '0', 4, 0, 0, 0, 0, 0, '2024-01-01 00:00:00', '2024-09-07 19:10:55', '2024-09-13 19:46:59', '2022-01-01 00:00:00'),
  ('athene', '$2y$10$TUyhn0BH7IqlKhqfwflsjOtCvaeEC3BaMR7rn3N6YnprXJ37gK9Iq', 'Athene', 'Wisdom', 'athene@yourserver.com', '0', 2, 0, 0, 0, 0, 0, '2024-01-01 00:00:00', '2024-09-07 19:11:07', '2024-09-15 13:23:16', '2022-01-01 00:00:00'),
  ('alupin', '$2y$10$uk6Z5XPZW24vMTjnqY/wJOS2GEO4dDBvioQynKVB0ydpXBt0m8Jzy', 'Arsene', 'Lupin', 'alupin@yourserver.com', '0', 2, 0, 0, 0, 0, 0, '2024-01-01 00:00:00', '2024-09-07 19:09:35', '2024-09-07 19:11:40', '2022-01-01 00:00:00'),
  ('einstein', '$2y$10$CiSlhtPF5FnUiwoB2omCoeX55K5CQWWI3BX0fuEGwvdeX20m0NgEa', 'Albert', 'Einstein', 'einstein@mydomain.com', '0', 2, 0, 0, 0, 0, 0, '2024-01-01 00:00:00', '2024-09-07 19:01:14', '2024-09-07 18:19:45', '2024-09-07 18:05:30'),
  ('jmarple', '$2y$10$IkWQeduBbmLn4m5rybEf6OCQRRFui0PEJ', 'Jane', 'Marple', 'jmarple@yourserver.com', '0', 2, 1, 1, 1, 1, 0, '2024-01-01 00:00:00', '2024-01-01 00:00:00', '2024-01-01 00:00:00', '2022-01-01 00:00:00'),
  ('sherlock', '$2y$10$F5zJ9zNVwzdzuHS9kpser.9.m6BX2mfN8731lLQS/itng0mQ8RmXS', 'Sherlock', 'Holmes', 'sherlock@yourserver.com', '0', 4, 0, 0, 0, 0, 0, '2024-01-01 00:00:00', '2024-09-07 19:10:24', '2024-07-25 11:04:43', '2022-01-01 00:00:00'),
  ('mcurie', '$2y$10$lb0jBg3ZALcRp/kn/BDKZu1XAcjaWZHSs/FNuMDgNF01CLS.ZZJ1e', 'Marie', 'Curie', 'mcurie@yourserver.com', '0', 2, 0, 0, 0, 0, 0, '2024-01-01 00:00:00', '2024-09-07 19:10:09', '2024-01-01 00:00:00', '2022-01-01 00:00:00'),
  ('zeuss', '$2y$10$YrHxbqRxuvHiusc/iu41ReU1.cB2edXQswMq/329yJ5LHrkV9ju0C', 'Zeuss', 'Lightning', 'zeuss@yourserver.com', '0', 4, 0, 0, 0, 0, 0, '2024-01-01 00:00:00', '2024-09-07 19:09:52', '2024-01-01 00:00:00', '2022-01-01 00:00:00'),
  ('hermes', '$2y$10$oLamGsMZIsSKnOexjSq..O9kDgBh8.cCp9zQIFeND9eg76HeM/zVi', 'Hermes', 'Speed', 'hermes@yourserver.com', '0', 2, 0, 0, 0, 0, 0, '2024-01-01 00:00:00', '2024-09-07 19:10:41', '2024-09-13 19:51:06', '2022-01-01 00:00:00'),
  ('richthofen', '$2y$12$x1.Jz0dMtsCGAPIzRJIYlupQlWEyYObT2kXD8EXki5t551GTGczjy', 'Manfred', 'von Richthofen', 'richthofen@yourserver.com', '0', 4, 0, 0, 0, 0, 0, '1900-01-01 00:00:00', '2026-02-01 17:22:42', '1900-01-01 00:00:00', '2026-02-01 17:22:42'),
  ('aearhart', '$2y$12$UxwUMVdpd7tBSpEac.kBMOzKvOEE1r.jcNYQntnympMhG7VsYvQRu', 'Amelia', 'Earhart', 'aearhart@yourserver.com', '0', 2, 0, 0, 0, 0, 0, '1900-01-01 00:00:00', '2026-02-01 17:28:48', '1900-01-01 00:00:00', '2026-02-01 17:28:48'),
  ('cyeager', '$2y$12$MIjX5Bor/grkVDP3Ryiyy.Rp/vTxIME29i/n5gDrloAvVvo2CcqNK', 'Chuck', 'Yeager', 'cyeager@yourserver.com', '0', 2, 0, 0, 0, 0, 0, '1900-01-01 00:00:00', '2026-02-01 17:35:31', '1900-01-01 00:00:00', '2026-02-01 17:35:31');

-- --------------------------------------------------------
--
-- Table structure for table `tcneo_user_attachment`
--
DROP TABLE IF EXISTS `tcneo_user_attachment`;

CREATE TABLE IF NOT EXISTS `tcneo_user_attachment` (
  `id` int(11) NOT NULL AUTO_INCREMENT,
  `username` varchar(40) CHARACTER
  SET
    utf8 COLLATE utf8_general_ci DEFAULT NULL,
    `fileid` int(11) NOT NULL,
    PRIMARY KEY (`id`),
    UNIQUE KEY `uk_username_fileid` (`username`, `fileid`),
    KEY `k_username` (`username`)
) ENGINE = MyISAM DEFAULT CHARSET = utf8 COLLATE = utf8_bin;

--
-- Dumping data for table `tcneo_user_attachment`
--
INSERT INTO
  `tcneo_user_attachment` (`username`, `fileid`)
VALUES
  ('admin', 1),
  ('admin', 2),
  ('admin', 3),
  ('admin', 4),
  ('admin', 5),
  ('admin', 6),
  ('admin', 7),
  ('admin', 8),
  ('admin', 9),
  ('admin', 10),
  ('admin', 11),
  ('admin', 12);

-- --------------------------------------------------------
--
-- Table structure for table `tcneo_user_group`
--
DROP TABLE IF EXISTS `tcneo_user_group`;

CREATE TABLE IF NOT EXISTS `tcneo_user_group` (
  `id` int(11) NOT NULL AUTO_INCREMENT,
  `username` varchar(40) CHARACTER
  SET
    utf8 COLLATE utf8_general_ci DEFAULT NULL,
    `groupid` int(11) DEFAULT NULL,
    `type` tinytext CHARACTER
  SET
    utf8 COLLATE utf8_general_ci DEFAULT NULL,
    PRIMARY KEY (`id`),
    KEY `k_username` (`username`),
    KEY `k_groupid` (`groupid`)
) ENGINE = MyISAM AUTO_INCREMENT = 9 DEFAULT CHARSET = utf8 COLLATE = utf8_bin;

--
-- Dumping data for table `tcneo_user_group`
--
INSERT INTO
  `tcneo_user_group` (`username`, `groupid`, `type`)
VALUES
  ('sherlock', 1, 'manager'),
  ('einstein', 2, 'member'),
  ('inewton', 2, 'manager'),
  ('mcurie', 2, 'member'),
  ('zeuss', 3, 'manager'),
  ('jmarple', 1, 'member'),
  ('alupin', 1, 'member'),
  ('athene', 3, 'member'),
  ('hermes', 3, 'member'),
  ('richthofen', 4, 'manager'),
  ('aearhart', 4, 'member'),
  ('cyeager', 4, 'member');

-- --------------------------------------------------------
--
-- Table structure for table `tcneo_user_message`
--
DROP TABLE IF EXISTS `tcneo_user_message`;

CREATE TABLE IF NOT EXISTS `tcneo_user_message` (
  `id` int(11) NOT NULL AUTO_INCREMENT,
  `username` varchar(40) CHARACTER
  SET
    utf8 COLLATE utf8_general_ci DEFAULT NULL,
    `msgid` int(11) DEFAULT NULL,
    `popup` tinyint (4) NOT NULL DEFAULT 0,
    PRIMARY KEY (`id`),
    KEY `k_username` (`username`),
    KEY `k_msgid` (`msgid`)
) ENGINE = MyISAM DEFAULT CHARSET = utf8 COLLATE = utf8_bin;

-- --------------------------------------------------------
--
-- Table structure for table `tcneo_user_option`
--
DROP TABLE IF EXISTS `tcneo_user_option`;

CREATE TABLE IF NOT EXISTS `tcneo_user_option` (
  `id` int(11) NOT NULL AUTO_INCREMENT,
  `username` varchar(40) CHARACTER
  SET
    utf8 COLLATE utf8_general_ci DEFAULT NULL,
    `option` varchar(40) CHARACTER
  SET
    utf8 COLLATE utf8_general_ci DEFAULT NULL,
    `value` text CHARACTER
  SET
    utf8 COLLATE utf8_general_ci DEFAULT NULL,
    PRIMARY KEY (`id`),
    UNIQUE KEY `uk_username_option` (`username`, `option`),
    KEY `k_username` (`username`),
    KEY `k_option` (`option`)
) ENGINE = MyISAM AUTO_INCREMENT = 1 DEFAULT CHARSET = utf8 COLLATE = utf8_bin;

﻿--
-- Dumping data for table `tcneo_log`
--

INSERT INTO `tcneo_log` (`type`, `timestamp`, `ip`, `user`, `event`) VALUES
('logMessage', '2026-01-01 00:06:25', '127.0.0.1', 'cyeager', 'Profile updated'),
('logLogin', '2026-01-01 01:59:52', '127.0.0.1', 'mcourie', 'Config updated'),
('logPermission', '2026-01-01 02:14:33', '127.0.0.1', 'richthofen', 'Login successful'),
('logMonth', '2026-01-01 08:10:34', '127.0.0.1', 'hermes', 'Profile updated'),
('logPattern', '2026-01-01 08:20:30', '127.0.0.1', 'athene', 'Database optimized'),
('logRole', '2026-01-01 11:11:34', '127.0.0.1', 'athene', 'User added'),
('logPattern', '2026-01-01 12:37:41', '127.0.0.1', 'inewton', 'Config updated'),
('logGroup', '2026-01-01 12:54:10', '127.0.0.1', 'jmarple', 'Login successful'),
('logRole', '2026-01-01 15:06:30', '127.0.0.1', 'admin', 'Config updated'),
('logDatabase', '2026-01-01 16:11:16', '127.0.0.1', 'alupin', 'Login successful'),
('logImport', '2026-01-01 17:28:01', '127.0.0.1', 'inewton', 'User added'),
('logImport', '2026-01-01 19:19:20', '127.0.0.1', 'cyeager', 'Logout'),
('logDatabase', '2026-01-02 01:00:50', '127.0.0.1', 'jmarple', 'Logout'),
('logPermission', '2026-01-02 04:25:26', '127.0.0.1', 'einstein', 'Config updated'),
('logPermission', '2026-01-02 05:26:45', '127.0.0.1', 'aearhart', 'Config updated'),
('logRegion', '2026-01-02 07:01:50', '127.0.0.1', 'admin', 'Calendar changed'),
('logCalendarOptions', '2026-01-02 09:06:35', '127.0.0.1', 'einstein', 'Database optimized'),
('logDaynote', '2026-01-02 15:11:02', '127.0.0.1', 'sherlock', 'Profile updated'),
('logDatabase', '2026-01-02 19:08:41', '127.0.0.1', 'hermes', 'Database optimized'),
('logUpload', '2026-01-03 00:07:16', '127.0.0.1', 'zeuss', 'Login successful'),
('logPattern', '2026-01-03 01:16:28', '127.0.0.1', 'jmarple', 'Login successful'),
('logRegistration', '2026-01-03 01:43:17', '127.0.0.1', 'cyeager', 'Calendar changed'),
('logConfig', '2026-01-03 02:30:06', '127.0.0.1', 'jmarple', 'Profile updated'),
('logUpload', '2026-01-03 08:47:57', '127.0.0.1', 'zeuss', 'Logout'),
('logLog', '2026-01-03 09:17:37', '127.0.0.1', 'zeuss', 'Logout'),
('logUpload', '2026-01-03 12:30:27', '127.0.0.1', 'sherlock', 'Calendar changed'),
('logLogin', '2026-01-03 19:22:22', '127.0.0.1', 'athene', 'Logout'),
('logLog', '2026-01-03 19:40:38', '127.0.0.1', 'sherlock', 'Login successful'),
('logRegion', '2026-01-03 19:53:45', '127.0.0.1', 'alupin', 'Login successful'),
('logLog', '2026-01-04 00:48:14', '127.0.0.1', 'einstein', 'User added'),
('logCalendarOptions', '2026-01-04 01:30:34', '127.0.0.1', 'athene', 'Database optimized'),
('logLogin', '2026-01-04 02:03:05', '127.0.0.1', 'cyeager', 'Database optimized'),
('logPermission', '2026-01-04 03:27:29', '127.0.0.1', 'sherlock', 'Profile updated'),
('logLog', '2026-01-04 05:47:47', '127.0.0.1', 'mcourie', 'Config updated'),
('logDaynote', '2026-01-04 06:50:08', '127.0.0.1', 'sherlock', 'Logout'),
('logRegion', '2026-01-04 08:30:12', '127.0.0.1', 'mcourie', 'User added'),
('logRegistration', '2026-01-04 18:19:52', '127.0.0.1', 'aearhart', 'Login successful'),
('logUser', '2026-01-04 20:29:19', '127.0.0.1', 'aearhart', 'Login successful'),
('logLogin', '2026-01-04 22:18:32', '127.0.0.1', 'zeuss', 'Login successful'),
('logUser', '2026-01-05 02:18:39', '127.0.0.1', 'zeuss', 'User added'),
('logLogin', '2026-01-05 02:36:46', '127.0.0.1', 'mcourie', 'Calendar changed'),
('logCalendar', '2026-01-05 04:37:34', '127.0.0.1', 'zeuss', 'Database optimized'),
('logConfig', '2026-01-05 05:04:23', '127.0.0.1', 'sherlock', 'Logout'),
('logMonth', '2026-01-05 07:37:50', '127.0.0.1', 'hermes', 'User added'),
('logCalendarOptions', '2026-01-05 10:59:27', '127.0.0.1', 'mcourie', 'Config updated'),
('logImport', '2026-01-05 12:00:36', '127.0.0.1', 'inewton', 'Login successful'),
('logMonth', '2026-01-05 12:24:43', '127.0.0.1', 'inewton', 'User added'),
('logRegistration', '2026-01-05 15:56:17', '127.0.0.1', 'richthofen', 'Profile updated'),
('logImport', '2026-01-05 17:43:01', '127.0.0.1', 'richthofen', 'Database optimized'),
('logDaynote', '2026-01-05 22:40:30', '127.0.0.1', 'aearhart', 'Database optimized'),
('logLog', '2026-01-05 23:15:14', '127.0.0.1', 'cyeager', 'Calendar changed'),
('logLogin', '2026-01-06 01:15:35', '127.0.0.1', 'einstein', 'Login successful'),
('logMonth', '2026-01-06 01:18:07', '127.0.0.1', 'admin', 'Logout'),
('logMessage', '2026-01-06 03:47:32', '127.0.0.1', 'jmarple', 'User added'),
('logUpload', '2026-01-06 06:30:26', '127.0.0.1', 'cyeager', 'Database optimized'),
('logGroup', '2026-01-06 10:08:12', '127.0.0.1', 'athene', 'Profile updated'),
('logUpload', '2026-01-06 11:16:07', '127.0.0.1', 'mcourie', 'Login successful'),
('logRole', '2026-01-06 11:19:52', '127.0.0.1', 'jmarple', 'User added'),
('logPattern', '2026-01-06 13:31:00', '127.0.0.1', 'sherlock', 'Database optimized'),
('logRegistration', '2026-01-06 23:19:45', '127.0.0.1', 'sherlock', 'Database optimized'),
('logUser', '2026-01-06 23:59:19', '127.0.0.1', 'sherlock', 'Calendar changed'),
('logConfig', '2026-01-07 00:15:42', '127.0.0.1', 'jmarple', 'Logout'),
('logConfig', '2026-01-07 06:04:08', '127.0.0.1', 'hermes', 'Calendar changed'),
('logUpload', '2026-01-07 11:56:00', '127.0.0.1', 'sherlock', 'Login successful'),
('logLog', '2026-01-07 14:21:45', '127.0.0.1', 'sherlock', 'Logout'),
('logCalendarOptions', '2026-01-07 14:54:27', '127.0.0.1', 'admin', 'Database optimized'),
('logPermission', '2026-01-07 15:11:46', '127.0.0.1', 'aearhart', 'Calendar changed'),
('logImport', '2026-01-07 23:41:45', '127.0.0.1', 'admin', 'Config updated'),
('logUser', '2026-01-08 00:22:18', '127.0.0.1', 'hermes', 'Profile updated'),
('logDaynote', '2026-01-08 00:32:53', '127.0.0.1', 'mcourie', 'Login successful'),
('logConfig', '2026-01-08 00:52:48', '127.0.0.1', 'hermes', 'User added'),
('logMonth', '2026-01-08 04:00:35', '127.0.0.1', 'mcourie', 'Login successful'),
('logGroup', '2026-01-08 04:14:58', '127.0.0.1', 'inewton', 'Login successful'),
('logUser', '2026-01-08 05:40:20', '127.0.0.1', 'jmarple', 'Calendar changed'),
('logDatabase', '2026-01-08 06:59:34', '127.0.0.1', 'cyeager', 'Profile updated'),
('logCalendar', '2026-01-08 07:18:56', '127.0.0.1', 'alupin', 'Database optimized'),
('logCalendarOptions', '2026-01-08 10:12:32', '127.0.0.1', 'einstein', 'User added'),
('logRole', '2026-01-08 10:23:13', '127.0.0.1', 'admin', 'Calendar changed'),
('logPattern', '2026-01-08 10:59:08', '127.0.0.1', 'athene', 'Database optimized'),
('logGroup', '2026-01-08 15:35:24', '127.0.0.1', 'zeuss', 'Calendar changed'),
('logMessage', '2026-01-08 16:39:14', '127.0.0.1', 'einstein', 'Config updated'),
('logImport', '2026-01-08 16:45:02', '127.0.0.1', 'hermes', 'Logout'),
('logUpload', '2026-01-08 16:59:24', '127.0.0.1', 'jmarple', 'Calendar changed'),
('logRegion', '2026-01-08 17:00:39', '127.0.0.1', 'einstein', 'Profile updated'),
('logCalendar', '2026-01-08 18:54:21', '127.0.0.1', 'aearhart', 'Login successful'),
('logCalendarOptions', '2026-01-08 20:42:35', '127.0.0.1', 'jmarple', 'Profile updated'),
('logImport', '2026-01-08 22:20:56', '127.0.0.1', 'alupin', 'User added'),
('logDatabase', '2026-01-09 00:04:16', '127.0.0.1', 'zeuss', 'Database optimized'),
('logUser', '2026-01-09 00:16:46', '127.0.0.1', 'einstein', 'User added'),
('logMonth', '2026-01-09 00:37:27', '127.0.0.1', 'richthofen', 'Logout'),
('logGroup', '2026-01-09 01:40:02', '127.0.0.1', 'alupin', 'Database optimized'),
('logPermission', '2026-01-09 05:08:15', '127.0.0.1', 'inewton', 'Login successful'),
('logCalendar', '2026-01-09 11:12:54', '127.0.0.1', 'athene', 'Database optimized'),
('logLog', '2026-01-09 15:00:41', '127.0.0.1', 'sherlock', 'Calendar changed'),
('logGroup', '2026-01-09 18:58:35', '127.0.0.1', 'sherlock', 'User added'),
('logRegistration', '2026-01-09 19:01:42', '127.0.0.1', 'admin', 'Calendar changed'),
('logUser', '2026-01-09 23:51:10', '127.0.0.1', 'richthofen', 'Login successful'),
('logLog', '2026-01-10 01:50:47', '127.0.0.1', 'zeuss', 'Profile updated'),
('logCalendarOptions', '2026-01-10 04:16:32', '127.0.0.1', 'cyeager', 'Logout'),
('logCalendarOptions', '2026-01-10 05:49:54', '127.0.0.1', 'athene', 'Logout'),
('logPattern', '2026-01-10 09:27:00', '127.0.0.1', 'athene', 'Calendar changed'),
('logMessage', '2026-01-10 09:48:57', '127.0.0.1', 'sherlock', 'Login successful'),
('logImport', '2026-01-10 09:51:50', '127.0.0.1', 'zeuss', 'Calendar changed'),
('logRegistration', '2026-01-10 14:58:32', '127.0.0.1', 'hermes', 'Calendar changed'),
('logUpload', '2026-01-10 15:22:03', '127.0.0.1', 'hermes', 'Database optimized'),
('logGroup', '2026-01-10 15:43:35', '127.0.0.1', 'cyeager', 'Logout'),
('logCalendar', '2026-01-10 18:53:11', '127.0.0.1', 'mcourie', 'Login successful'),
('logMonth', '2026-01-10 23:09:35', '127.0.0.1', 'richthofen', 'Config updated'),
('logMonth', '2026-01-11 05:00:53', '127.0.0.1', 'alupin', 'Profile updated'),
('logMonth', '2026-01-11 05:03:39', '127.0.0.1', 'admin', 'Logout'),
('logRegistration', '2026-01-11 09:44:43', '127.0.0.1', 'einstein', 'Database optimized'),
('logLogin', '2026-01-11 23:36:54', '127.0.0.1', 'athene', 'User added'),
('logConfig', '2026-01-11 23:52:36', '127.0.0.1', 'einstein', 'Profile updated'),
('logMessage', '2026-01-12 06:51:27', '127.0.0.1', 'einstein', 'Login successful'),
('logRegion', '2026-01-12 07:44:56', '127.0.0.1', 'zeuss', 'Database optimized'),
('logUpload', '2026-01-12 08:54:56', '127.0.0.1', 'admin', 'Logout'),
('logUser', '2026-01-12 10:24:06', '127.0.0.1', 'admin', 'User added'),
('logPermission', '2026-01-12 11:32:49', '127.0.0.1', 'sherlock', 'Calendar changed'),
('logRole', '2026-01-12 13:13:12', '127.0.0.1', 'aearhart', 'Database optimized'),
('logDaynote', '2026-01-12 18:26:34', '127.0.0.1', 'alupin', 'Calendar changed'),
('logRole', '2026-01-12 20:12:05', '127.0.0.1', 'zeuss', 'Calendar changed'),
('logDaynote', '2026-01-12 23:18:14', '127.0.0.1', 'alupin', 'Login successful'),
('logLog', '2026-01-13 02:10:53', '127.0.0.1', 'athene', 'Calendar changed'),
('logCalendarOptions', '2026-01-13 07:30:43', '127.0.0.1', 'admin', 'Calendar changed'),
('logRole', '2026-01-13 09:14:13', '127.0.0.1', 'admin', 'Profile updated'),
('logUser', '2026-01-13 10:56:27', '127.0.0.1', 'mcourie', 'Profile updated'),
('logCalendarOptions', '2026-01-13 12:09:32', '127.0.0.1', 'alupin', 'Database optimized'),
('logDaynote', '2026-01-13 12:35:26', '127.0.0.1', 'inewton', 'Profile updated'),
('logImport', '2026-01-13 16:43:30', '127.0.0.1', 'alupin', 'Profile updated'),
('logDaynote', '2026-01-13 17:31:36', '127.0.0.1', 'einstein', 'Logout'),
('logLogin', '2026-01-13 19:08:54', '127.0.0.1', 'aearhart', 'Database optimized'),
('logGroup', '2026-01-13 19:42:24', '127.0.0.1', 'hermes', 'Database optimized'),
('logMessage', '2026-01-14 00:30:21', '127.0.0.1', 'aearhart', 'Config updated'),
('logUser', '2026-01-14 04:21:07', '127.0.0.1', 'richthofen', 'Logout'),
('logLogin', '2026-01-14 06:59:11', '127.0.0.1', 'sherlock', 'Login successful'),
('logLog', '2026-01-14 07:36:24', '127.0.0.1', 'richthofen', 'Logout'),
('logCalendarOptions', '2026-01-14 08:46:06', '127.0.0.1', 'aearhart', 'Database optimized'),
('logRole', '2026-01-14 09:39:16', '127.0.0.1', 'admin', 'User added'),
('logMonth', '2026-01-14 15:19:44', '127.0.0.1', 'einstein', 'Login successful'),
('logImport', '2026-01-14 16:56:52', '127.0.0.1', 'aearhart', 'Config updated'),
('logLogin', '2026-01-15 00:49:55', '127.0.0.1', 'athene', 'Config updated'),
('logGroup', '2026-01-15 09:17:31', '127.0.0.1', 'athene', 'Logout'),
('logUpload', '2026-01-15 09:19:27', '127.0.0.1', 'hermes', 'Logout'),
('logConfig', '2026-01-15 11:43:27', '127.0.0.1', 'mcourie', 'User added'),
('logRole', '2026-01-15 12:38:07', '127.0.0.1', 'jmarple', 'Calendar changed'),
('logRole', '2026-01-15 14:03:23', '127.0.0.1', 'sherlock', 'Calendar changed'),
('logCalendarOptions', '2026-01-15 14:48:48', '127.0.0.1', 'hermes', 'Calendar changed'),
('logRegistration', '2026-01-15 15:21:15', '127.0.0.1', 'sherlock', 'Profile updated'),
('logCalendar', '2026-01-15 20:01:20', '127.0.0.1', 'sherlock', 'Login successful'),
('logRegistration', '2026-01-15 21:32:31', '127.0.0.1', 'jmarple', 'Profile updated'),
('logRegistration', '2026-01-16 00:42:57', '127.0.0.1', 'hermes', 'Profile updated'),
('logRegion', '2026-01-16 01:31:59', '127.0.0.1', 'alupin', 'Login successful'),
('logConfig', '2026-01-16 03:15:27', '127.0.0.1', 'jmarple', 'Login successful'),
('logMonth', '2026-01-16 09:30:26', '127.0.0.1', 'hermes', 'Config updated'),
('logRole', '2026-01-16 10:14:26', '127.0.0.1', 'mcourie', 'Login successful'),
('logLogin', '2026-01-16 10:44:57', '127.0.0.1', 'hermes', 'Logout'),
('logCalendarOptions', '2026-01-16 16:56:53', '127.0.0.1', 'sherlock', 'User added'),
('logUpload', '2026-01-16 23:26:07', '127.0.0.1', 'athene', 'Logout'),
('logPermission', '2026-01-16 23:44:57', '127.0.0.1', 'mcourie', 'Calendar changed'),
('logMessage', '2026-01-17 00:40:31', '127.0.0.1', 'zeuss', 'Profile updated'),
('logDatabase', '2026-01-17 01:05:49', '127.0.0.1', 'jmarple', 'Login successful'),
('logGroup', '2026-01-17 01:18:24', '127.0.0.1', 'sherlock', 'Calendar changed'),
('logDatabase', '2026-01-17 01:43:56', '127.0.0.1', 'cyeager', 'Profile updated'),
('logMessage', '2026-01-17 04:25:57', '127.0.0.1', 'hermes', 'Login successful'),
('logPattern', '2026-01-17 04:27:29', '127.0.0.1', 'cyeager', 'Profile updated'),
('logRegion', '2026-01-17 06:39:09', '127.0.0.1', 'aearhart', 'Config updated'),
('logDaynote', '2026-01-17 08:50:43', '127.0.0.1', 'hermes', 'Database optimized'),
('logDatabase', '2026-01-17 12:33:01', '127.0.0.1', 'jmarple', 'Login successful'),
('logLog', '2026-01-17 19:38:21', '127.0.0.1', 'jmarple', 'Profile updated'),
('logRole', '2026-01-17 22:45:41', '127.0.0.1', 'zeuss', 'Config updated'),
('logRegistration', '2026-01-18 03:59:48', '127.0.0.1', 'athene', 'Login successful'),
('logUser', '2026-01-18 05:31:00', '127.0.0.1', 'hermes', 'Config updated'),
('logConfig', '2026-01-18 05:46:48', '127.0.0.1', 'sherlock', 'Profile updated'),
('logCalendar', '2026-01-18 11:10:11', '127.0.0.1', 'admin', 'Login successful'),
('logRegistration', '2026-01-18 11:26:15', '127.0.0.1', 'richthofen', 'Config updated'),
('logGroup', '2026-01-18 12:35:15', '127.0.0.1', 'zeuss', 'Database optimized'),
('logDatabase', '2026-01-18 12:50:09', '127.0.0.1', 'einstein', 'Calendar changed'),
('logRegistration', '2026-01-18 13:36:46', '127.0.0.1', 'cyeager', 'Profile updated'),
('logRegistration', '2026-01-18 18:20:12', '127.0.0.1', 'zeuss', 'User added'),
('logDatabase', '2026-01-18 19:05:24', '127.0.0.1', 'alupin', 'Config updated'),
('logRegistration', '2026-01-18 19:17:13', '127.0.0.1', 'cyeager', 'User added'),
('logConfig', '2026-01-18 22:08:12', '127.0.0.1', 'athene', 'Logout'),
('logMessage', '2026-01-18 23:16:07', '127.0.0.1', 'sherlock', 'Logout'),
('logCalendar', '2026-01-19 03:03:57', '127.0.0.1', 'cyeager', 'User added'),
('logMonth', '2026-01-19 03:16:40', '127.0.0.1', 'cyeager', 'Login successful'),
('logConfig', '2026-01-19 03:28:00', '127.0.0.1', 'mcourie', 'User added'),
('logPermission', '2026-01-19 04:29:57', '127.0.0.1', 'einstein', 'Database optimized'),
('logLogin', '2026-01-19 08:07:11', '127.0.0.1', 'richthofen', 'Profile updated'),
('logRegistration', '2026-01-19 08:34:08', '127.0.0.1', 'einstein', 'Profile updated'),
('logUpload', '2026-01-19 12:47:54', '127.0.0.1', 'hermes', 'Database optimized'),
('logCalendarOptions', '2026-01-19 16:54:54', '127.0.0.1', 'inewton', 'Login successful'),
('logDaynote', '2026-01-19 17:56:14', '127.0.0.1', 'jmarple', 'Calendar changed'),
('logCalendarOptions', '2026-01-19 20:34:28', '127.0.0.1', 'hermes', 'Login successful'),
('logMonth', '2026-01-19 20:37:37', '127.0.0.1', 'richthofen', 'Logout'),
('logMonth', '2026-01-19 23:17:25', '127.0.0.1', 'sherlock', 'Login successful'),
('logUpload', '2026-01-20 00:38:10', '127.0.0.1', 'zeuss', 'Database optimized'),
('logDaynote', '2026-01-20 02:22:42', '127.0.0.1', 'einstein', 'User added'),
('logMonth', '2026-01-20 05:05:39', '127.0.0.1', 'richthofen', 'Config updated'),
('logDatabase', '2026-01-20 09:55:25', '127.0.0.1', 'hermes', 'Calendar changed'),
('logDatabase', '2026-01-20 11:17:22', '127.0.0.1', 'hermes', 'Logout'),
('logCalendar', '2026-01-20 11:52:12', '127.0.0.1', 'einstein', 'User added'),
('logCalendar', '2026-01-20 14:39:14', '127.0.0.1', 'jmarple', 'Calendar changed'),
('logCalendar', '2026-01-20 16:32:21', '127.0.0.1', 'aearhart', 'Config updated'),
('logLog', '2026-01-20 18:55:11', '127.0.0.1', 'zeuss', 'User added'),
('logCalendar', '2026-01-20 23:25:15', '127.0.0.1', 'sherlock', 'Database optimized'),
('logRegistration', '2026-01-21 09:01:41', '127.0.0.1', 'jmarple', 'Login successful'),
('logConfig', '2026-01-21 09:20:08', '127.0.0.1', 'cyeager', 'User added'),
('logRegistration', '2026-01-21 10:17:54', '127.0.0.1', 'mcourie', 'Login successful'),
('logMessage', '2026-01-21 13:12:16', '127.0.0.1', 'inewton', 'Calendar changed'),
('logMessage', '2026-01-21 16:35:22', '127.0.0.1', 'alupin', 'Logout'),
('logPattern', '2026-01-21 18:07:20', '127.0.0.1', 'athene', 'Logout'),
('logLog', '2026-01-21 19:34:25', '127.0.0.1', 'jmarple', 'Logout'),
('logMonth', '2026-01-21 21:07:53', '127.0.0.1', 'athene', 'User added'),
('logGroup', '2026-01-22 00:41:55', '127.0.0.1', 'zeuss', 'Config updated'),
('logRegion', '2026-01-22 05:56:44', '127.0.0.1', 'admin', 'Calendar changed'),
('logUpload', '2026-01-22 09:38:08', '127.0.0.1', 'jmarple', 'User added'),
('logLog', '2026-01-22 11:08:02', '127.0.0.1', 'jmarple', 'Login successful'),
('logRegion', '2026-01-22 17:27:49', '127.0.0.1', 'richthofen', 'Profile updated'),
('logConfig', '2026-01-22 19:04:46', '127.0.0.1', 'zeuss', 'Config updated'),
('logCalendar', '2026-01-22 20:21:58', '127.0.0.1', 'sherlock', 'Config updated'),
('logRegion', '2026-01-22 22:50:08', '127.0.0.1', 'jmarple', 'Login successful'),
('logLogin', '2026-01-23 04:35:06', '127.0.0.1', 'aearhart', 'Logout'),
('logDatabase', '2026-01-23 04:38:10', '127.0.0.1', 'aearhart', 'Calendar changed'),
('logUser', '2026-01-23 06:17:07', '127.0.0.1', 'mcourie', 'Calendar changed'),
('logGroup', '2026-01-23 06:48:37', '127.0.0.1', 'inewton', 'User added'),
('logImport', '2026-01-23 07:04:33', '127.0.0.1', 'zeuss', 'User added'),
('logLog', '2026-01-23 08:40:36', '127.0.0.1', 'sherlock', 'Login successful'),
('logDaynote', '2026-01-23 08:40:38', '127.0.0.1', 'einstein', 'Database optimized'),
('logLogin', '2026-01-23 11:51:35', '127.0.0.1', 'richthofen', 'Login successful'),
('logUpload', '2026-01-23 12:14:10', '127.0.0.1', 'aearhart', 'Profile updated'),
('logRegion', '2026-01-23 16:34:14', '127.0.0.1', 'alupin', 'Login successful'),
('logMessage', '2026-01-23 17:11:00', '127.0.0.1', 'richthofen', 'Login successful'),
('logUser', '2026-01-23 17:34:44', '127.0.0.1', 'sherlock', 'Calendar changed'),
('logLogin', '2026-01-23 19:12:36', '127.0.0.1', 'jmarple', 'Calendar changed'),
('logPermission', '2026-01-24 01:09:26', '127.0.0.1', 'admin', 'Logout'),
('logDatabase', '2026-01-24 02:10:48', '127.0.0.1', 'mcourie', 'Config updated'),
('logRegistration', '2026-01-24 04:14:25', '127.0.0.1', 'alupin', 'Logout'),
('logMonth', '2026-01-24 04:15:38', '127.0.0.1', 'athene', 'Profile updated'),
('logPermission', '2026-01-24 04:55:04', '127.0.0.1', 'inewton', 'Login successful'),
('logPattern', '2026-01-24 06:13:37', '127.0.0.1', 'einstein', 'Login successful'),
('logUpload', '2026-01-24 07:07:59', '127.0.0.1', 'hermes', 'User added'),
('logRegion', '2026-01-24 07:37:58', '127.0.0.1', 'mcourie', 'Calendar changed'),
('logLogin', '2026-01-24 08:06:33', '127.0.0.1', 'aearhart', 'User added'),
('logCalendarOptions', '2026-01-24 09:42:09', '127.0.0.1', 'cyeager', 'Config updated'),
('logMessage', '2026-01-24 19:36:58', '127.0.0.1', 'aearhart', 'Config updated'),
('logRegistration', '2026-01-24 19:44:36', '127.0.0.1', 'einstein', 'Config updated'),
('logCalendarOptions', '2026-01-24 22:48:59', '127.0.0.1', 'admin', 'Database optimized'),
('logImport', '2026-01-24 22:51:43', '127.0.0.1', 'aearhart', 'Config updated'),
('logGroup', '2026-01-25 03:08:18', '127.0.0.1', 'einstein', 'Login successful'),
('logDaynote', '2026-01-25 04:25:37', '127.0.0.1', 'inewton', 'Calendar changed'),
('logRegistration', '2026-01-25 04:26:13', '127.0.0.1', 'admin', 'Database optimized'),
('logCalendar', '2026-01-25 05:19:17', '127.0.0.1', 'einstein', 'Config updated'),
('logConfig', '2026-01-25 07:14:25', '127.0.0.1', 'einstein', 'User added'),
('logGroup', '2026-01-25 15:45:00', '127.0.0.1', 'inewton', 'User added'),
('logUpload', '2026-01-25 18:11:41', '127.0.0.1', 'alupin', 'Config updated'),
('logPermission', '2026-01-25 18:53:47', '127.0.0.1', 'inewton', 'Calendar changed'),
('logPermission', '2026-01-25 19:26:13', '127.0.0.1', 'hermes', 'User added'),
('logLogin', '2026-01-25 21:23:23', '127.0.0.1', 'jmarple', 'Login successful'),
('logPattern', '2026-01-26 00:38:57', '127.0.0.1', 'alupin', 'Profile updated'),
('logImport', '2026-01-26 00:49:00', '127.0.0.1', 'richthofen', 'Logout'),
('logPermission', '2026-01-26 01:21:40', '127.0.0.1', 'aearhart', 'Config updated'),
('logMonth', '2026-01-26 02:03:58', '127.0.0.1', 'hermes', 'Database optimized'),
('logMonth', '2026-01-26 06:10:52', '127.0.0.1', 'inewton', 'User added'),
('logMessage', '2026-01-26 06:34:48', '127.0.0.1', 'jmarple', 'User added'),
('logConfig', '2026-01-26 06:35:20', '127.0.0.1', 'hermes', 'Config updated'),
('logMessage', '2026-01-26 08:33:11', '127.0.0.1', 'jmarple', 'Login successful'),
('logRegistration', '2026-01-26 11:33:16', '127.0.0.1', 'mcourie', 'Database optimized'),
('logCalendarOptions', '2026-01-26 12:52:45', '127.0.0.1', 'admin', 'Database optimized'),
('logPermission', '2026-01-26 14:25:16', '127.0.0.1', 'athene', 'Profile updated'),
('logPermission', '2026-01-26 14:45:11', '127.0.0.1', 'cyeager', 'User added'),
('logLogin', '2026-01-26 17:18:57', '127.0.0.1', 'aearhart', 'Config updated'),
('logMessage', '2026-01-26 17:31:22', '127.0.0.1', 'richthofen', 'Calendar changed'),
('logGroup', '2026-01-26 18:26:46', '127.0.0.1', 'hermes', 'Database optimized'),
('logMonth', '2026-01-26 18:42:59', '127.0.0.1', 'einstein', 'Login successful'),
('logPermission', '2026-01-26 22:12:46', '127.0.0.1', 'richthofen', 'Calendar changed'),
('logMonth', '2026-01-27 03:01:32', '127.0.0.1', 'mcourie', 'Config updated'),
('logRegistration', '2026-01-27 07:08:22', '127.0.0.1', 'einstein', 'Database optimized'),
('logUser', '2026-01-27 08:05:37', '127.0.0.1', 'aearhart', 'Login successful'),
('logUpload', '2026-01-27 12:08:49', '127.0.0.1', 'zeuss', 'Login successful'),
('logRegistration', '2026-01-27 14:21:51', '127.0.0.1', 'jmarple', 'Profile updated'),
('logGroup', '2026-01-27 20:37:24', '127.0.0.1', 'sherlock', 'Login successful'),
('logLog', '2026-01-27 21:25:10', '127.0.0.1', 'einstein', 'Database optimized'),
('logDatabase', '2026-01-28 03:25:14', '127.0.0.1', 'admin', 'User added'),
('logRegistration', '2026-01-28 03:46:15', '127.0.0.1', 'jmarple', 'User added'),
('logMessage', '2026-01-28 05:09:10', '127.0.0.1', 'athene', 'Profile updated'),
('logRegistration', '2026-01-28 05:18:05', '127.0.0.1', 'richthofen', 'Config updated'),
('logDaynote', '2026-01-28 05:34:25', '127.0.0.1', 'sherlock', 'Logout'),
('logLog', '2026-01-28 06:07:29', '127.0.0.1', 'einstein', 'Calendar changed'),
('logUser', '2026-01-28 07:38:47', '127.0.0.1', 'hermes', 'Logout'),
('logDatabase', '2026-01-28 10:19:47', '127.0.0.1', 'aearhart', 'User added'),
('logRegistration', '2026-01-28 10:27:25', '127.0.0.1', 'einstein', 'Logout'),
('logDaynote', '2026-01-28 10:28:40', '127.0.0.1', 'alupin', 'Logout'),
('logDatabase', '2026-01-28 14:54:17', '127.0.0.1', 'cyeager', 'Calendar changed'),
('logMonth', '2026-01-28 15:08:11', '127.0.0.1', 'aearhart', 'Login successful'),
('logCalendarOptions', '2026-01-28 15:11:13', '127.0.0.1', 'einstein', 'Login successful'),
('logDaynote', '2026-01-28 16:26:17', '127.0.0.1', 'cyeager', 'Database optimized'),
('logUpload', '2026-01-28 17:35:06', '127.0.0.1', 'athene', 'Login successful'),
('logUser', '2026-01-28 18:51:50', '127.0.0.1', 'aearhart', 'Calendar changed'),
('logImport', '2026-01-28 20:11:25', '127.0.0.1', 'cyeager', 'Logout'),
('logLog', '2026-01-28 21:06:24', '127.0.0.1', 'richthofen', 'Login successful'),
('logCalendarOptions', '2026-01-28 23:53:50', '127.0.0.1', 'cyeager', 'Login successful'),
('logConfig', '2026-01-29 01:18:39', '127.0.0.1', 'aearhart', 'Database optimized'),
('logCalendarOptions', '2026-01-29 04:41:30', '127.0.0.1', 'jmarple', 'Logout'),
('logDaynote', '2026-01-29 05:25:46', '127.0.0.1', 'cyeager', 'Login successful'),
('logImport', '2026-01-29 06:57:55', '127.0.0.1', 'hermes', 'Calendar changed'),
('logLog', '2026-01-29 07:15:43', '127.0.0.1', 'richthofen', 'Profile updated'),
('logMessage', '2026-01-29 09:15:29', '127.0.0.1', 'inewton', 'Login successful'),
('logPermission', '2026-01-29 11:14:54', '127.0.0.1', 'richthofen', 'Profile updated'),
('logRegion', '2026-01-29 12:27:02', '127.0.0.1', 'einstein', 'Login successful'),
('logCalendar', '2026-01-29 13:14:48', '127.0.0.1', 'cyeager', 'Config updated'),
('logUpload', '2026-01-29 15:29:49', '127.0.0.1', 'mcourie', 'Config updated'),
('logLog', '2026-01-29 23:27:25', '127.0.0.1', 'aearhart', 'Database optimized'),
('logMonth', '2026-01-30 03:12:12', '127.0.0.1', 'mcourie', 'Config updated'),
('logUser', '2026-01-30 06:39:10', '127.0.0.1', 'einstein', 'Logout'),
('logUpload', '2026-01-30 07:12:50', '127.0.0.1', 'cyeager', 'User added'),
('logMonth', '2026-01-30 07:27:23', '127.0.0.1', 'aearhart', 'Database optimized'),
('logMessage', '2026-01-30 08:41:33', '127.0.0.1', 'einstein', 'Database optimized'),
('logPattern', '2026-01-30 08:47:52', '127.0.0.1', 'cyeager', 'Login successful'),
('logRole', '2026-01-30 09:58:30', '127.0.0.1', 'athene', 'Calendar changed'),
('logUpload', '2026-01-30 13:11:30', '127.0.0.1', 'alupin', 'Config updated'),
('logUser', '2026-01-30 14:31:10', '127.0.0.1', 'zeuss', 'Login successful'),
('logCalendar', '2026-01-30 15:37:54', '127.0.0.1', 'mcourie', 'Config updated'),
('logUser', '2026-01-30 20:03:23', '127.0.0.1', 'hermes', 'Login successful'),
('logCalendar', '2026-01-30 21:08:25', '127.0.0.1', 'richthofen', 'Profile updated'),
('logGroup', '2026-01-30 21:30:23', '127.0.0.1', 'inewton', 'Profile updated'),
('logDatabase', '2026-01-30 21:44:28', '127.0.0.1', 'jmarple', 'Login successful'),
('logUpload', '2026-01-31 04:48:22', '127.0.0.1', 'inewton', 'Profile updated'),
('logLogin', '2026-01-31 05:24:40', '127.0.0.1', 'athene', 'Profile updated'),
('logRegion', '2026-01-31 10:24:19', '127.0.0.1', 'sherlock', 'Database optimized'),
('logPermission', '2026-01-31 10:29:29', '127.0.0.1', 'zeuss', 'Logout'),
('logRegistration', '2026-01-31 10:45:44', '127.0.0.1', 'inewton', 'Database optimized'),
('logPermission', '2026-01-31 12:59:13', '127.0.0.1', 'inewton', 'Profile updated'),
('logLog', '2026-01-31 13:48:26', '127.0.0.1', 'zeuss', 'Calendar changed'),
('logPermission', '2026-01-31 16:52:57', '127.0.0.1', 'zeuss', 'Profile updated'),
('logCalendar', '2026-01-31 17:13:53', '127.0.0.1', 'richthofen', 'Config updated'),
('logCalendar', '2026-01-31 20:50:26', '127.0.0.1', 'richthofen', 'Profile updated'),
('logMessage', '2026-01-31 20:55:26', '127.0.0.1', 'alupin', 'Profile updated'),
('logDaynote', '2026-01-31 21:44:20', '127.0.0.1', 'richthofen', 'Calendar changed'),
('logRole', '2026-01-31 22:00:53', '127.0.0.1', 'jmarple', 'User added'),
('logPermission', '2026-02-01 00:01:25', '127.0.0.1', 'einstein', 'Calendar changed'),
('logGroup', '2026-02-01 01:12:09', '127.0.0.1', 'alupin', 'Database optimized'),
('logConfig', '2026-02-01 01:35:41', '127.0.0.1', 'admin', 'Database optimized'),
('logUpload', '2026-02-01 02:45:14', '127.0.0.1', 'zeuss', 'Logout'),
('logRegion', '2026-02-01 05:22:49', '127.0.0.1', 'mcourie', 'Calendar changed'),
('logPermission', '2026-02-01 07:02:50', '127.0.0.1', 'jmarple', 'Calendar changed'),
('logMonth', '2026-02-01 07:07:40', '127.0.0.1', 'admin', 'Profile updated'),
('logRegion', '2026-02-01 08:03:37', '127.0.0.1', 'jmarple', 'Database optimized'),
('logCalendarOptions', '2026-02-01 11:14:26', '127.0.0.1', 'inewton', 'Profile updated'),
('logPermission', '2026-02-01 11:32:10', '127.0.0.1', 'admin', 'Config updated'),
('logImport', '2026-02-01 17:33:19', '127.0.0.1', 'einstein', 'User added'),
('logMonth', '2026-02-01 17:40:17', '127.0.0.1', 'jmarple', 'Calendar changed'),
('logImport', '2026-02-01 18:56:04', '127.0.0.1', 'jmarple', 'Login successful'),
('logUser', '2026-02-01 22:41:40', '127.0.0.1', 'zeuss', 'Calendar changed'),
('logLogin', '2026-02-01 23:12:00', '127.0.0.1', 'cyeager', 'Config updated'),
('logGroup', '2026-02-02 01:28:41', '127.0.0.1', 'aearhart', 'Logout'),
('logUser', '2026-02-02 02:34:32', '127.0.0.1', 'zeuss', 'User added'),
('logDaynote', '2026-02-02 05:49:47', '127.0.0.1', 'inewton', 'User added'),
('logGroup', '2026-02-02 06:31:21', '127.0.0.1', 'cyeager', 'Login successful'),
('logUser', '2026-02-02 07:14:45', '127.0.0.1', 'admin', 'Logout'),
('logDaynote', '2026-02-02 09:05:52', '127.0.0.1', 'cyeager', 'Logout'),
('logPattern', '2026-02-02 09:31:22', '127.0.0.1', 'richthofen', 'Profile updated'),
('logCalendar', '2026-02-02 09:47:53', '127.0.0.1', 'richthofen', 'Calendar changed'),
('logDaynote', '2026-02-02 11:00:11', '127.0.0.1', 'hermes', 'Calendar changed'),
('logMonth', '2026-02-02 11:01:54', '127.0.0.1', 'alupin', 'Calendar changed'),
('logUser', '2026-02-02 12:07:03', '127.0.0.1', 'richthofen', 'Logout'),
('logLog', '2026-02-02 16:37:05', '127.0.0.1', 'athene', 'Login successful'),
('logUpload', '2026-02-02 18:57:23', '127.0.0.1', 'richthofen', 'Config updated'),
('logGroup', '2026-02-02 21:39:51', '127.0.0.1', 'cyeager', 'Profile updated'),
('logDaynote', '2026-02-02 22:37:48', '127.0.0.1', 'jmarple', 'Config updated'),
('logConfig', '2026-02-02 23:23:42', '127.0.0.1', 'admin', 'Profile updated'),
('logConfig', '2026-02-03 01:50:11', '127.0.0.1', 'zeuss', 'Database optimized'),
('logMonth', '2026-02-03 04:43:33', '127.0.0.1', 'jmarple', 'Logout'),
('logGroup', '2026-02-03 11:34:50', '127.0.0.1', 'inewton', 'Calendar changed'),
('logRegion', '2026-02-03 12:17:12', '127.0.0.1', 'mcourie', 'Calendar changed'),
('logDaynote', '2026-02-03 12:51:09', '127.0.0.1', 'alupin', 'User added'),
('logPermission', '2026-02-03 13:35:01', '127.0.0.1', 'aearhart', 'Login successful'),
('logUpload', '2026-02-03 15:46:24', '127.0.0.1', 'hermes', 'Config updated'),
('logRegistration', '2026-02-03 19:22:33', '127.0.0.1', 'admin', 'User added'),
('logLogin', '2026-02-04 02:25:14', '127.0.0.1', 'cyeager', 'Database optimized'),
('logConfig', '2026-02-04 05:22:31', '127.0.0.1', 'einstein', 'Database optimized'),
('logDatabase', '2026-02-04 05:39:59', '127.0.0.1', 'sherlock', 'Database optimized'),
('logGroup', '2026-02-04 06:12:25', '127.0.0.1', 'mcourie', 'Config updated'),
('logCalendar', '2026-02-04 10:16:01', '127.0.0.1', 'alupin', 'Config updated'),
('logMonth', '2026-02-04 10:30:19', '127.0.0.1', 'aearhart', 'Profile updated'),
('logCalendar', '2026-02-04 11:31:22', '127.0.0.1', 'athene', 'Calendar changed'),
('logRole', '2026-02-04 12:46:36', '127.0.0.1', 'hermes', 'Calendar changed'),
('logMessage', '2026-02-04 13:36:01', '127.0.0.1', 'admin', 'Profile updated'),
('logRole', '2026-02-04 14:16:14', '127.0.0.1', 'zeuss', 'Logout'),
('logRegion', '2026-02-04 16:22:37', '127.0.0.1', 'einstein', 'Calendar changed'),
('logDaynote', '2026-02-04 20:42:12', '127.0.0.1', 'inewton', 'Login successful'),
('logLog', '2026-02-04 22:47:46', '127.0.0.1', 'einstein', 'Calendar changed'),
('logPattern', '2026-02-05 13:14:59', '127.0.0.1', 'jmarple', 'Database optimized'),
('logCalendarOptions', '2026-02-05 14:09:11', '127.0.0.1', 'zeuss', 'Config updated'),
('logUser', '2026-02-05 16:27:24', '127.0.0.1', 'inewton', 'Config updated'),
('logMessage', '2026-02-05 17:57:21', '127.0.0.1', 'alupin', 'Database optimized'),
('logMessage', '2026-02-05 19:13:31', '127.0.0.1', 'inewton', 'User added'),
('logImport', '2026-02-05 21:19:52', '127.0.0.1', 'sherlock', 'Login successful'),
('logPattern', '2026-02-05 23:34:46', '127.0.0.1', 'richthofen', 'Calendar changed'),
('logLog', '2026-02-06 04:43:55', '127.0.0.1', 'inewton', 'Profile updated'),
('logLog', '2026-02-06 07:21:26', '127.0.0.1', 'alupin', 'Database optimized');


--
-- Dumping data for table `tcneo_user_option`
--
INSERT INTO
  `tcneo_user_option` (`username`, `option`, `value`)
VALUES
  ('admin', 'avatar', 'is_administrator.png'),
  ('admin', 'calendarMonths', 'default'),
  ('admin', 'calfilterAbs', 'all'),
  ('admin', 'calfilterGroup', 'all'),
  ('admin', 'calfilterRegion', '1'),
  ('admin', 'calViewMode', 'fullmonth'),
  ('admin', 'custom1', ''),
  ('admin', 'custom2', ''),
  ('admin', 'custom3', ''),
  ('admin', 'custom4', ''),
  ('admin', 'custom5', ''),
  ('admin', 'defaultMenu', 'sidebar'),
  ('admin', 'facebook', ''),
  ('admin', 'gender', 'male'),
  ('admin', 'google', ''),
  ('admin', 'id', ''),
  ('admin', 'language', 'english'),
  ('admin', 'linkedin', ''),
  ('admin', 'menuBar', 'default'),
  ('admin', 'mobile', ''),
  ('admin', 'notifyAbsenceEvents', '1'),
  ('admin', 'notifyCalendarEvents', '1'),
  ('admin', 'notifyGroupEvents', '1'),
  ('admin', 'notifyHolidayEvents', '1'),
  ('admin', 'notifyMonthEvents', '1'),
  ('admin', 'notifyNone', '0'),
  ('admin', 'notifyRoleEvents', '1'),
  ('admin', 'notifyUserCalEvents', '1'),
  ('admin', 'notifyUserCalEventsOwn', '0'),
  ('admin', 'notifyUserCalGroups', '0'),
  ('admin', 'notifyUserEvents', '1'),
  ('admin', 'phone', ''),
  ('admin', 'position', 'Administrator'),
  ('admin', 'region', '1'),
  ('admin', 'showMonths', '1'),
  ('admin', 'skype', ''),
  ('admin', 'title', ''),
  ('admin', 'twitter', ''),
  ('admin', 'verifycode', ''),
  ('admin', 'width', 'full'),
  ('aearhart', 'avatar', 'aearhart.png'),
  ('aearhart', 'calendarMonths', 'default'),
  ('aearhart', 'calfilterGroup', 'all'),
  ('aearhart', 'calViewMode', 'fullmonth'),
  ('aearhart', 'custom1', ''),
  ('aearhart', 'custom2', ''),
  ('aearhart', 'custom3', ''),
  ('aearhart', 'custom4', ''),
  ('aearhart', 'custom5', ''),
  ('aearhart', 'facebook', 'fb-aearhart'),
  ('aearhart', 'gender', 'male'),
  ('aearhart', 'google', 'g-aearhart'),
  ('aearhart', 'id', 'ID021'),
  ('aearhart', 'language', 'english'),
  ('aearhart', 'linkedin', 'li-aearhart'),
  ('aearhart', 'menuBar', 'default'),
  ('aearhart', 'mobile', '+1 555 123 4568'),
  ('aearhart', 'notifyAbsenceEvents', '0'),
  ('aearhart', 'notifyCalendarEvents', '0'),
  ('aearhart', 'notifyGroupEvents', '0'),
  ('aearhart', 'notifyHolidayEvents', '0'),
  ('aearhart', 'notifyMonthEvents', '0'),
  ('aearhart', 'notifyNone', '1'),
  ('aearhart', 'notifyRoleEvents', '0'),
  ('aearhart', 'notifyUserCalEvents', '0'),
  ('aearhart', 'notifyUserCalEventsOwn', '0'),
  ('aearhart', 'notifyUserCalGroups', '0'),
  ('aearhart', 'notifyUserEvents', '0'),
  ('aearhart', 'phone', '+1 555 123 4567'),
  ('aearhart', 'position', 'Roadrunner Hunter'),
  ('aearhart', 'region', '1'),
  ('aearhart', 'showMonths', '1'),
  ('aearhart', 'skype', 's-aearhart'),
  ('aearhart', 'title', 'Dr.'),
  ('aearhart', 'twitter', 't-aearhart'),
  ('aearhart', 'verifycode', ''),
  ('alupin', 'avatar', 'alupin.png'),
  ('alupin', 'calendarMonths', 'default'),
  ('alupin', 'calfilterGroup', 'all'),
  ('alupin', 'calViewMode', 'fullmonth'),
  ('alupin', 'custom1', ''),
  ('alupin', 'custom2', ''),
  ('alupin', 'custom3', ''),
  ('alupin', 'custom4', ''),
  ('alupin', 'custom5', ''),
  ('alupin', 'facebook', ''),
  ('alupin', 'gender', 'male'),
  ('alupin', 'google', ''),
  ('alupin', 'id', ''),
  ('alupin', 'language', 'default'),
  ('alupin', 'linkedin', ''),
  ('alupin', 'menuBar', 'default'),
  ('alupin', 'mobile', ''),
  ('alupin', 'notifyAbsenceEvents', '0'),
  ('alupin', 'notifyCalendarEvents', '0'),
  ('alupin', 'notifyGroupEvents', '0'),
  ('alupin', 'notifyHolidayEvents', '0'),
  ('alupin', 'notifyMonthEvents', '0'),
  ('alupin', 'notifyNone', '1'),
  ('alupin', 'notifyRoleEvents', '0'),
  ('alupin', 'notifyUserCalEvents', '0'),
  ('alupin', 'notifyUserCalEventsOwn', '0'),
  ('alupin', 'notifyUserCalGroups', '0'),
  ('alupin', 'notifyUserEvents', '0'),
  ('alupin', 'phone', ''),
  ('alupin', 'position', ''),
  ('alupin', 'region', '1'),
  ('alupin', 'showMonths', '1'),
  ('alupin', 'skype', ''),
  ('alupin', 'title', ''),
  ('alupin', 'twitter', ''),
  ('alupin', 'verifycode', ''),
  ('alupin', 'width', 'full'),
  ('athene', 'avatar', 'athene.png'),
  ('athene', 'calendarMonths', 'default'),
  ('athene', 'calfilterGroup', 'all'),
  ('athene', 'calViewMode', 'fullmonth'),
  ('athene', 'custom1', ''),
  ('athene', 'custom2', ''),
  ('athene', 'custom3', ''),
  ('athene', 'custom4', ''),
  ('athene', 'custom5', ''),
  ('athene', 'facebook', ''),
  ('athene', 'gender', 'male'),
  ('athene', 'google', ''),
  ('athene', 'id', ''),
  ('athene', 'language', 'default'),
  ('athene', 'linkedin', ''),
  ('athene', 'menuBar', 'default'),
  ('athene', 'mobile', ''),
  ('athene', 'notifyAbsenceEvents', '0'),
  ('athene', 'notifyCalendarEvents', '0'),
  ('athene', 'notifyGroupEvents', '0'),
  ('athene', 'notifyHolidayEvents', '0'),
  ('athene', 'notifyMonthEvents', '0'),
  ('athene', 'notifyNone', '1'),
  ('athene', 'notifyRoleEvents', '0'),
  ('athene', 'notifyUserCalEvents', '0'),
  ('athene', 'notifyUserCalEventsOwn', '0'),
  ('athene', 'notifyUserCalGroups', '0'),
  ('athene', 'notifyUserEvents', '0'),
  ('athene', 'phone', ''),
  ('athene', 'position', ''),
  ('athene', 'region', '1'),
  ('athene', 'showMonths', '1'),
  ('athene', 'skype', ''),
  ('athene', 'title', ''),
  ('athene', 'twitter', ''),
  ('athene', 'verifycode', ''),
  ('cyeager', 'avatar', 'cyeager.png'),
  ('cyeager', 'calendarMonths', 'default'),
  ('cyeager', 'calfilterGroup', 'all'),
  ('cyeager', 'calViewMode', 'fullmonth'),
  ('cyeager', 'custom1', ''),
  ('cyeager', 'custom2', ''),
  ('cyeager', 'custom3', ''),
  ('cyeager', 'custom4', ''),
  ('cyeager', 'custom5', ''),
  ('cyeager', 'facebook', ''),
  ('cyeager', 'gender', 'male'),
  ('cyeager', 'google', ''),
  ('cyeager', 'id', ''),
  ('cyeager', 'language', 'default'),
  ('cyeager', 'linkedin', ''),
  ('cyeager', 'menuBar', 'default'),
  ('cyeager', 'mobile', ''),
  ('cyeager', 'notifyAbsenceEvents', '0'),
  ('cyeager', 'notifyCalendarEvents', '0'),
  ('cyeager', 'notifyGroupEvents', '0'),
  ('cyeager', 'notifyHolidayEvents', '0'),
  ('cyeager', 'notifyMonthEvents', '0'),
  ('cyeager', 'notifyNone', '1'),
  ('cyeager', 'notifyRoleEvents', '0'),
  ('cyeager', 'notifyUserCalEvents', '0'),
  ('cyeager', 'notifyUserCalEventsOwn', '0'),
  ('cyeager', 'notifyUserCalGroups', '0'),
  ('cyeager', 'notifyUserEvents', '0'),
  ('cyeager', 'phone', ''),
  ('cyeager', 'position', ''),
  ('cyeager', 'region', '1'),
  ('cyeager', 'showMonths', '1'),
  ('cyeager', 'skype', ''),
  ('cyeager', 'title', ''),
  ('cyeager', 'twitter', ''),
  ('cyeager', 'verifycode', ''),
  ('einstein', 'avatar', 'einstein.png'),
  ('einstein', 'calendarMonths', 'default'),
  ('einstein', 'calfilterGroup', 'all'),
  ('einstein', 'calViewMode', 'fullmonth'),
  ('einstein', 'custom1', ''),
  ('einstein', 'custom2', ''),
  ('einstein', 'custom3', ''),
  ('einstein', 'custom4', ''),
  ('einstein', 'custom5', ''),
  ('einstein', 'facebook', ''),
  ('einstein', 'gender', 'male'),
  ('einstein', 'google', ''),
  ('einstein', 'id', ''),
  ('einstein', 'language', 'default'),
  ('einstein', 'linkedin', ''),
  ('einstein', 'menuBar', 'default'),
  ('einstein', 'mobile', ''),
  ('einstein', 'notifyAbsenceEvents', '0'),
  ('einstein', 'notifyCalendarEvents', '0'),
  ('einstein', 'notifyGroupEvents', '0'),
  ('einstein', 'notifyHolidayEvents', '0'),
  ('einstein', 'notifyMonthEvents', '0'),
  ('einstein', 'notifyNone', '1'),
  ('einstein', 'notifyRoleEvents', '0'),
  ('einstein', 'notifyUserCalEvents', '0'),
  ('einstein', 'notifyUserCalEventsOwn', '0'),
  ('einstein', 'notifyUserCalGroups', '0'),
  ('einstein', 'notifyUserEvents', '0'),
  ('einstein', 'phone', ''),
  ('einstein', 'position', ''),
  ('einstein', 'region', '1'),
  ('einstein', 'showMonths', '1'),
  ('einstein', 'skype', ''),
  ('einstein', 'title', ''),
  ('einstein', 'twitter', ''),
  ('einstein', 'verifycode', ''),
  ('hermes', 'avatar', 'hermes.png'),
  ('hermes', 'calendarMonths', 'default'),
  ('hermes', 'calfilterGroup', 'all'),
  ('hermes', 'calViewMode', 'fullmonth'),
  ('hermes', 'custom1', ''),
  ('hermes', 'custom2', ''),
  ('hermes', 'custom3', ''),
  ('hermes', 'custom4', ''),
  ('hermes', 'custom5', ''),
  ('hermes', 'facebook', ''),
  ('hermes', 'gender', 'male'),
  ('hermes', 'google', ''),
  ('hermes', 'id', ''),
  ('hermes', 'language', 'default'),
  ('hermes', 'linkedin', ''),
  ('hermes', 'menuBar', 'default'),
  ('hermes', 'mobile', ''),
  ('hermes', 'notifyAbsenceEvents', '0'),
  ('hermes', 'notifyCalendarEvents', '0'),
  ('hermes', 'notifyGroupEvents', '0'),
  ('hermes', 'notifyHolidayEvents', '0'),
  ('hermes', 'notifyMonthEvents', '0'),
  ('hermes', 'notifyNone', '1'),
  ('hermes', 'notifyRoleEvents', '0'),
  ('hermes', 'notifyUserCalEvents', '0'),
  ('hermes', 'notifyUserCalEventsOwn', '0'),
  ('hermes', 'notifyUserCalGroups', '0'),
  ('hermes', 'notifyUserEvents', '0'),
  ('hermes', 'phone', ''),
  ('hermes', 'position', ''),
  ('hermes', 'region', '1'),
  ('hermes', 'showMonths', '1'),
  ('hermes', 'skype', ''),
  ('hermes', 'title', ''),
  ('hermes', 'twitter', ''),
  ('hermes', 'verifycode', ''),
  ('inewton', 'avatar', 'inewton.png'),
  ('inewton', 'calendarMonths', 'default'),
  ('inewton', 'calfilterGroup', 'all'),
  ('inewton', 'calViewMode', 'fullmonth'),
  ('inewton', 'custom1', ''),
  ('inewton', 'custom2', ''),
  ('inewton', 'custom3', ''),
  ('inewton', 'custom4', ''),
  ('inewton', 'custom5', ''),
  ('inewton', 'facebook', ''),
  ('inewton', 'gender', 'male'),
  ('inewton', 'google', ''),
  ('inewton', 'id', ''),
  ('inewton', 'language', 'default'),
  ('inewton', 'linkedin', ''),
  ('inewton', 'menuBar', 'default'),
  ('inewton', 'mobile', ''),
  ('inewton', 'notifyAbsenceEvents', '0'),
  ('inewton', 'notifyCalendarEvents', '0'),
  ('inewton', 'notifyGroupEvents', '0'),
  ('inewton', 'notifyHolidayEvents', '0'),
  ('inewton', 'notifyMonthEvents', '0'),
  ('inewton', 'notifyNone', '1'),
  ('inewton', 'notifyRoleEvents', '0'),
  ('inewton', 'notifyUserCalEvents', '0'),
  ('inewton', 'notifyUserCalEventsOwn', '0'),
  ('inewton', 'notifyUserCalGroups', '0'),
  ('inewton', 'notifyUserEvents', '0'),
  ('inewton', 'phone', ''),
  ('inewton', 'position', ''),
  ('inewton', 'region', '1'),
  ('inewton', 'showMonths', '1'),
  ('inewton', 'skype', ''),
  ('inewton', 'title', ''),
  ('inewton', 'twitter', ''),
  ('inewton', 'verifycode', ''),
  ('jmarple', 'avatar', 'jmarple.png'),
  ('jmarple', 'calendarMonths', 'default'),
  ('jmarple', 'calfilterGroup', 'all'),
  ('jmarple', 'calViewMode', 'fullmonth'),
  ('jmarple', 'custom1', ''),
  ('jmarple', 'custom2', ''),
  ('jmarple', 'custom3', ''),
  ('jmarple', 'custom4', ''),
  ('jmarple', 'custom5', ''),
  ('jmarple', 'facebook', ''),
  ('jmarple', 'gender', 'male'),
  ('jmarple', 'google', ''),
  ('jmarple', 'id', ''),
  ('jmarple', 'language', 'default'),
  ('jmarple', 'linkedin', ''),
  ('jmarple', 'menuBar', 'default'),
  ('jmarple', 'mobile', ''),
  ('jmarple', 'notifyAbsenceEvents', '0'),
  ('jmarple', 'notifyCalendarEvents', '0'),
  ('jmarple', 'notifyGroupEvents', '0'),
  ('jmarple', 'notifyHolidayEvents', '0'),
  ('jmarple', 'notifyMonthEvents', '0'),
  ('jmarple', 'notifyNone', '1'),
  ('jmarple', 'notifyRoleEvents', '0'),
  ('jmarple', 'notifyUserCalEvents', '0'),
  ('jmarple', 'notifyUserCalEventsOwn', '0'),
  ('jmarple', 'notifyUserCalGroups', '0'),
  ('jmarple', 'notifyUserEvents', '0'),
  ('jmarple', 'phone', ''),
  ('jmarple', 'position', ''),
  ('jmarple', 'region', '1'),
  ('jmarple', 'showMonths', '1'),
  ('jmarple', 'skype', ''),
  ('jmarple', 'title', ''),
  ('jmarple', 'twitter', ''),
  ('mcurie', 'avatar', 'mcurie.png'),
  ('mcurie', 'calendarMonths', 'default'),
  ('mcurie', 'calfilterGroup', 'all'),
  ('mcurie', 'calViewMode', 'fullmonth'),
  ('mcurie', 'custom1', ''),
  ('mcurie', 'custom2', ''),
  ('mcurie', 'custom3', ''),
  ('mcurie', 'custom4', ''),
  ('mcurie', 'custom5', ''),
  ('mcurie', 'facebook', ''),
  ('mcurie', 'gender', 'male'),
  ('mcurie', 'google', ''),
  ('mcurie', 'id', ''),
  ('mcurie', 'language', 'default'),
  ('mcurie', 'linkedin', ''),
  ('mcurie', 'menuBar', 'default'),
  ('mcurie', 'mobile', ''),
  ('mcurie', 'notifyAbsenceEvents', '0'),
  ('mcurie', 'notifyCalendarEvents', '0'),
  ('mcurie', 'notifyGroupEvents', '0'),
  ('mcurie', 'notifyHolidayEvents', '0'),
  ('mcurie', 'notifyMonthEvents', '0'),
  ('mcurie', 'notifyNone', '1'),
  ('mcurie', 'notifyRoleEvents', '0'),
  ('mcurie', 'notifyUserCalEvents', '0'),
  ('mcurie', 'notifyUserCalEventsOwn', '0'),
  ('mcurie', 'notifyUserCalGroups', '0'),
  ('mcurie', 'notifyUserEvents', '0'),
  ('mcurie', 'phone', ''),
  ('mcurie', 'position', ''),
  ('mcurie', 'region', '1'),
  ('mcurie', 'showMonths', '1'),
  ('mcurie', 'skype', ''),
  ('mcurie', 'title', ''),
  ('mcurie', 'twitter', ''),
  ('mcurie', 'verifycode', ''),
  ('richthofen', 'avatar', 'richthofen.png'),
  ('richthofen', 'calendarMonths', 'default'),
  ('richthofen', 'calfilterGroup', 'all'),
  ('richthofen', 'calViewMode', 'fullmonth'),
  ('richthofen', 'custom1', ''),
  ('richthofen', 'custom2', ''),
  ('richthofen', 'custom3', ''),
  ('richthofen', 'custom4', ''),
  ('richthofen', 'custom5', ''),
  ('richthofen', 'facebook', ''),
  ('richthofen', 'gender', 'male'),
  ('richthofen', 'google', ''),
  ('richthofen', 'id', ''),
  ('richthofen', 'language', 'default'),
  ('richthofen', 'linkedin', ''),
  ('richthofen', 'menuBar', 'default'),
  ('richthofen', 'mobile', ''),
  ('richthofen', 'notifyAbsenceEvents', '0'),
  ('richthofen', 'notifyCalendarEvents', '0'),
  ('richthofen', 'notifyGroupEvents', '0'),
  ('richthofen', 'notifyHolidayEvents', '0'),
  ('richthofen', 'notifyMonthEvents', '0'),
  ('richthofen', 'notifyNone', '1'),
  ('richthofen', 'notifyRoleEvents', '0'),
  ('richthofen', 'notifyUserCalEvents', '0'),
  ('richthofen', 'notifyUserCalEventsOwn', '0'),
  ('richthofen', 'notifyUserCalGroups', '0'),
  ('richthofen', 'notifyUserEvents', '0'),
  ('richthofen', 'phone', ''),
  ('richthofen', 'position', ''),
  ('richthofen', 'region', '1'),
  ('richthofen', 'showMonths', '1'),
  ('richthofen', 'skype', ''),
  ('richthofen', 'title', ''),
  ('richthofen', 'twitter', ''),
  ('richthofen', 'verifycode', ''),
  ('sherlock', 'avatar', 'sherlock.png'),
  ('sherlock', 'calendarMonths', 'default'),
  ('sherlock', 'calfilterGroup', 'all'),
  ('sherlock', 'calfilterMonth', '202211'),
  ('sherlock', 'calfilterRegion', '1'),
  ('sherlock', 'calViewMode', 'fullmonth'),
  ('sherlock', 'custom1', ''),
  ('sherlock', 'custom2', ''),
  ('sherlock', 'custom3', ''),
  ('sherlock', 'custom4', ''),
  ('sherlock', 'custom5', ''),
  ('sherlock', 'facebook', ''),
  ('sherlock', 'gender', 'male'),
  ('sherlock', 'google', ''),
  ('sherlock', 'id', ''),
  ('sherlock', 'language', 'english'),
  ('sherlock', 'linkedin', ''),
  ('sherlock', 'menuBar', 'default'),
  ('sherlock', 'mobile', ''),
  ('sherlock', 'notifyAbsenceEvents', '0'),
  ('sherlock', 'notifyCalendarEvents', '0'),
  ('sherlock', 'notifyGroupEvents', '0'),
  ('sherlock', 'notifyHolidayEvents', '0'),
  ('sherlock', 'notifyMonthEvents', '0'),
  ('sherlock', 'notifyNone', '1'),
  ('sherlock', 'notifyRoleEvents', '0'),
  ('sherlock', 'notifyUserCalEvents', '0'),
  ('sherlock', 'notifyUserCalEventsOwn', '0'),
  ('sherlock', 'notifyUserCalGroups', '0'),
  ('sherlock', 'notifyUserEvents', '0'),
  ('sherlock', 'phone', ''),
  ('sherlock', 'position', ''),
  ('sherlock', 'region', '1'),
  ('sherlock', 'showMonths', '1'),
  ('sherlock', 'skype', ''),
  ('sherlock', 'title', ''),
  ('sherlock', 'twitter', ''),
  ('sherlock', 'verifycode', ''),
  ('sherlock', 'width', 'full'),
  ('zeuss', 'avatar', 'zeuss.png'),
  ('zeuss', 'calendarMonths', 'default'),
  ('zeuss', 'calfilterGroup', 'all'),
  ('zeuss', 'calViewMode', 'fullmonth'),
  ('zeuss', 'custom1', ''),
  ('zeuss', 'custom2', ''),
  ('zeuss', 'custom3', ''),
  ('zeuss', 'custom4', ''),
  ('zeuss', 'custom5', ''),
  ('zeuss', 'facebook', ''),
  ('zeuss', 'gender', 'male'),
  ('zeuss', 'google', ''),
  ('zeuss', 'id', ''),
  ('zeuss', 'language', 'default'),
  ('zeuss', 'linkedin', ''),
  ('zeuss', 'menuBar', 'default'),
  ('zeuss', 'mobile', ''),
  ('zeuss', 'notifyAbsenceEvents', '0'),
  ('zeuss', 'notifyCalendarEvents', '0'),
  ('zeuss', 'notifyGroupEvents', '0'),
  ('zeuss', 'notifyHolidayEvents', '0'),
  ('zeuss', 'notifyMonthEvents', '0'),
  ('zeuss', 'notifyNone', '1'),
  ('zeuss', 'notifyRoleEvents', '0'),
  ('zeuss', 'notifyUserCalEvents', '0'),
  ('zeuss', 'notifyUserCalEventsOwn', '0'),
  ('zeuss', 'notifyUserCalGroups', '0'),
  ('zeuss', 'notifyUserEvents', '0'),
  ('zeuss', 'phone', ''),
  ('zeuss', 'position', ''),
  ('zeuss', 'region', '1'),
  ('zeuss', 'showMonths', '1'),
  ('zeuss', 'skype', ''),
  ('zeuss', 'title', ''),
  ('zeuss', 'twitter', ''),
  ('zeuss', 'verifycode', '');

--
-- tcneo_log
-- Filter by type, user, timestamp and sort by timestamp are frequent operations
--
ALTER TABLE `tcneo_log` ADD INDEX `idx_log_timestamp` (`timestamp`);

ALTER TABLE `tcneo_log` ADD INDEX `idx_log_user` (`user`);

ALTER TABLE `tcneo_log` ADD INDEX `idx_log_type` (`type`);

--
-- tcneo_users
-- Optimize sorting by Name (lastname, firstname) which is the default sort
-- Optimize sorting by Name within Role
--
ALTER TABLE `tcneo_users` ADD INDEX `idx_lastname_firstname` (`lastname`, `firstname`);

ALTER TABLE `tcneo_users` ADD INDEX `idx_role_lastname_firstname` (`role`, `lastname`, `firstname`);

--
-- tcneo_user_group
-- Optimize retrieving group members sorted by username
--
ALTER TABLE `tcneo_user_group` ADD INDEX `idx_groupid_username` (`groupid`, `username`);

COMMIT;

/*!40101 SET CHARACTER_SET_CLIENT = @OLD_CHARACTER_SET_CLIENT */;

/*!40101 SET CHARACTER_SET_RESULTS = @OLD_CHARACTER_SET_RESULTS */;

/*!40101 SET COLLATION_CONNECTION = @OLD_COLLATION_CONNECTION */;
